--
-- PostgreSQL database dump
--

-- Dumped from database version 17.5
-- Dumped by pg_dump version 17.5

SET statement_timeout = 0;
SET lock_timeout = 0;
SET idle_in_transaction_session_timeout = 0;
SET transaction_timeout = 0;
SET client_encoding = 'UTF8';
SET standard_conforming_strings = on;
SELECT pg_catalog.set_config('search_path', '', false);
SET check_function_bodies = false;
SET xmloption = content;
SET client_min_messages = warning;
SET row_security = off;

SET default_tablespace = '';

SET default_table_access_method = heap;

--
-- Name: account_emailaddress; Type: TABLE; Schema: public; Owner: -
--

CREATE TABLE public.account_emailaddress (
    id integer NOT NULL,
    email character varying(254) NOT NULL,
    verified boolean NOT NULL,
    "primary" boolean NOT NULL,
    user_id bigint NOT NULL
);


--
-- Name: account_emailaddress_id_seq; Type: SEQUENCE; Schema: public; Owner: -
--

ALTER TABLE public.account_emailaddress ALTER COLUMN id ADD GENERATED BY DEFAULT AS IDENTITY (
    SEQUENCE NAME public.account_emailaddress_id_seq
    START WITH 1
    INCREMENT BY 1
    NO MINVALUE
    NO MAXVALUE
    CACHE 1
);


--
-- Name: account_emailconfirmation; Type: TABLE; Schema: public; Owner: -
--

CREATE TABLE public.account_emailconfirmation (
    id integer NOT NULL,
    created timestamp with time zone NOT NULL,
    sent timestamp with time zone,
    key character varying(64) NOT NULL,
    email_address_id integer NOT NULL
);


--
-- Name: account_emailconfirmation_id_seq; Type: SEQUENCE; Schema: public; Owner: -
--

ALTER TABLE public.account_emailconfirmation ALTER COLUMN id ADD GENERATED BY DEFAULT AS IDENTITY (
    SEQUENCE NAME public.account_emailconfirmation_id_seq
    START WITH 1
    INCREMENT BY 1
    NO MINVALUE
    NO MAXVALUE
    CACHE 1
);


--
-- Name: auth_group; Type: TABLE; Schema: public; Owner: -
--

CREATE TABLE public.auth_group (
    id integer NOT NULL,
    name character varying(150) NOT NULL
);


--
-- Name: auth_group_id_seq; Type: SEQUENCE; Schema: public; Owner: -
--

ALTER TABLE public.auth_group ALTER COLUMN id ADD GENERATED BY DEFAULT AS IDENTITY (
    SEQUENCE NAME public.auth_group_id_seq
    START WITH 1
    INCREMENT BY 1
    NO MINVALUE
    NO MAXVALUE
    CACHE 1
);


--
-- Name: auth_group_permissions; Type: TABLE; Schema: public; Owner: -
--

CREATE TABLE public.auth_group_permissions (
    id bigint NOT NULL,
    group_id integer NOT NULL,
    permission_id integer NOT NULL
);


--
-- Name: auth_group_permissions_id_seq; Type: SEQUENCE; Schema: public; Owner: -
--

ALTER TABLE public.auth_group_permissions ALTER COLUMN id ADD GENERATED BY DEFAULT AS IDENTITY (
    SEQUENCE NAME public.auth_group_permissions_id_seq
    START WITH 1
    INCREMENT BY 1
    NO MINVALUE
    NO MAXVALUE
    CACHE 1
);


--
-- Name: auth_permission; Type: TABLE; Schema: public; Owner: -
--

CREATE TABLE public.auth_permission (
    id integer NOT NULL,
    name character varying(255) NOT NULL,
    content_type_id integer NOT NULL,
    codename character varying(100) NOT NULL
);


--
-- Name: auth_permission_id_seq; Type: SEQUENCE; Schema: public; Owner: -
--

ALTER TABLE public.auth_permission ALTER COLUMN id ADD GENERATED BY DEFAULT AS IDENTITY (
    SEQUENCE NAME public.auth_permission_id_seq
    START WITH 1
    INCREMENT BY 1
    NO MINVALUE
    NO MAXVALUE
    CACHE 1
);


--
-- Name: authtoken_token; Type: TABLE; Schema: public; Owner: -
--

CREATE TABLE public.authtoken_token (
    key character varying(40) NOT NULL,
    created timestamp with time zone NOT NULL,
    user_id bigint NOT NULL
);


--
-- Name: blog_category; Type: TABLE; Schema: public; Owner: -
--

CREATE TABLE public.blog_category (
    id bigint NOT NULL,
    created_at timestamp with time zone NOT NULL,
    updated_at timestamp with time zone NOT NULL,
    slug character varying(255) NOT NULL,
    name character varying(100) NOT NULL,
    description text NOT NULL,
    image character varying(100),
    is_active boolean NOT NULL,
    description_es text NOT NULL,
    description_pt text NOT NULL,
    name_es character varying(100) NOT NULL,
    name_pt character varying(100) NOT NULL
);


--
-- Name: blog_category_id_seq; Type: SEQUENCE; Schema: public; Owner: -
--

ALTER TABLE public.blog_category ALTER COLUMN id ADD GENERATED BY DEFAULT AS IDENTITY (
    SEQUENCE NAME public.blog_category_id_seq
    START WITH 1
    INCREMENT BY 1
    NO MINVALUE
    NO MAXVALUE
    CACHE 1
);


--
-- Name: blog_comment; Type: TABLE; Schema: public; Owner: -
--

CREATE TABLE public.blog_comment (
    id bigint NOT NULL,
    created_at timestamp with time zone NOT NULL,
    updated_at timestamp with time zone NOT NULL,
    name character varying(100) NOT NULL,
    email character varying(254) NOT NULL,
    content text NOT NULL,
    is_approved boolean NOT NULL,
    parent_id bigint,
    user_id bigint,
    post_id bigint NOT NULL
);


--
-- Name: blog_comment_id_seq; Type: SEQUENCE; Schema: public; Owner: -
--

ALTER TABLE public.blog_comment ALTER COLUMN id ADD GENERATED BY DEFAULT AS IDENTITY (
    SEQUENCE NAME public.blog_comment_id_seq
    START WITH 1
    INCREMENT BY 1
    NO MINVALUE
    NO MAXVALUE
    CACHE 1
);


--
-- Name: blog_post; Type: TABLE; Schema: public; Owner: -
--

CREATE TABLE public.blog_post (
    id bigint NOT NULL,
    created_at timestamp with time zone NOT NULL,
    updated_at timestamp with time zone NOT NULL,
    slug character varying(255) NOT NULL,
    is_published boolean NOT NULL,
    published_at timestamp with time zone,
    meta_title character varying(70) NOT NULL,
    meta_description character varying(160) NOT NULL,
    meta_keywords character varying(255) NOT NULL,
    title character varying(200) NOT NULL,
    excerpt text NOT NULL,
    content text NOT NULL,
    featured_image character varying(100) NOT NULL,
    featured_image_alt character varying(200) NOT NULL,
    author_name character varying(100) NOT NULL,
    view_count integer NOT NULL,
    reading_time integer NOT NULL,
    is_featured boolean NOT NULL,
    allow_comments boolean NOT NULL,
    author_id bigint,
    category_id bigint,
    content_es text NOT NULL,
    content_pt text NOT NULL,
    excerpt_es text NOT NULL,
    excerpt_pt text NOT NULL,
    title_es character varying(200) NOT NULL,
    title_pt character varying(200) NOT NULL,
    CONSTRAINT blog_post_reading_time_check CHECK ((reading_time >= 0)),
    CONSTRAINT blog_post_view_count_check CHECK ((view_count >= 0))
);


--
-- Name: blog_post_id_seq; Type: SEQUENCE; Schema: public; Owner: -
--

ALTER TABLE public.blog_post ALTER COLUMN id ADD GENERATED BY DEFAULT AS IDENTITY (
    SEQUENCE NAME public.blog_post_id_seq
    START WITH 1
    INCREMENT BY 1
    NO MINVALUE
    NO MAXVALUE
    CACHE 1
);


--
-- Name: blog_post_related_destinations; Type: TABLE; Schema: public; Owner: -
--

CREATE TABLE public.blog_post_related_destinations (
    id bigint NOT NULL,
    post_id bigint NOT NULL,
    destination_id bigint NOT NULL
);


--
-- Name: blog_post_related_destinations_id_seq; Type: SEQUENCE; Schema: public; Owner: -
--

ALTER TABLE public.blog_post_related_destinations ALTER COLUMN id ADD GENERATED BY DEFAULT AS IDENTITY (
    SEQUENCE NAME public.blog_post_related_destinations_id_seq
    START WITH 1
    INCREMENT BY 1
    NO MINVALUE
    NO MAXVALUE
    CACHE 1
);


--
-- Name: blog_post_related_tours; Type: TABLE; Schema: public; Owner: -
--

CREATE TABLE public.blog_post_related_tours (
    id bigint NOT NULL,
    post_id bigint NOT NULL,
    tour_id bigint NOT NULL
);


--
-- Name: blog_post_related_tours_id_seq; Type: SEQUENCE; Schema: public; Owner: -
--

ALTER TABLE public.blog_post_related_tours ALTER COLUMN id ADD GENERATED BY DEFAULT AS IDENTITY (
    SEQUENCE NAME public.blog_post_related_tours_id_seq
    START WITH 1
    INCREMENT BY 1
    NO MINVALUE
    NO MAXVALUE
    CACHE 1
);


--
-- Name: blog_post_tags; Type: TABLE; Schema: public; Owner: -
--

CREATE TABLE public.blog_post_tags (
    id bigint NOT NULL,
    post_id bigint NOT NULL,
    tag_id bigint NOT NULL
);


--
-- Name: blog_post_tags_id_seq; Type: SEQUENCE; Schema: public; Owner: -
--

ALTER TABLE public.blog_post_tags ALTER COLUMN id ADD GENERATED BY DEFAULT AS IDENTITY (
    SEQUENCE NAME public.blog_post_tags_id_seq
    START WITH 1
    INCREMENT BY 1
    NO MINVALUE
    NO MAXVALUE
    CACHE 1
);


--
-- Name: blog_tag; Type: TABLE; Schema: public; Owner: -
--

CREATE TABLE public.blog_tag (
    id bigint NOT NULL,
    created_at timestamp with time zone NOT NULL,
    updated_at timestamp with time zone NOT NULL,
    slug character varying(255) NOT NULL,
    name character varying(50) NOT NULL
);


--
-- Name: blog_tag_id_seq; Type: SEQUENCE; Schema: public; Owner: -
--

ALTER TABLE public.blog_tag ALTER COLUMN id ADD GENERATED BY DEFAULT AS IDENTITY (
    SEQUENCE NAME public.blog_tag_id_seq
    START WITH 1
    INCREMENT BY 1
    NO MINVALUE
    NO MAXVALUE
    CACHE 1
);


--
-- Name: contact_faq; Type: TABLE; Schema: public; Owner: -
--

CREATE TABLE public.contact_faq (
    id bigint NOT NULL,
    created_at timestamp with time zone NOT NULL,
    updated_at timestamp with time zone NOT NULL,
    question character varying(300) NOT NULL,
    answer text NOT NULL,
    category character varying(50) NOT NULL,
    is_active boolean NOT NULL,
    sort_order integer NOT NULL,
    answer_es text NOT NULL,
    answer_pt text NOT NULL,
    question_es character varying(300) NOT NULL,
    question_pt character varying(300) NOT NULL,
    CONSTRAINT contact_faq_sort_order_check CHECK ((sort_order >= 0))
);


--
-- Name: contact_faq_id_seq; Type: SEQUENCE; Schema: public; Owner: -
--

ALTER TABLE public.contact_faq ALTER COLUMN id ADD GENERATED BY DEFAULT AS IDENTITY (
    SEQUENCE NAME public.contact_faq_id_seq
    START WITH 1
    INCREMENT BY 1
    NO MINVALUE
    NO MAXVALUE
    CACHE 1
);


--
-- Name: contact_inquiry; Type: TABLE; Schema: public; Owner: -
--

CREATE TABLE public.contact_inquiry (
    id bigint NOT NULL,
    created_at timestamp with time zone NOT NULL,
    updated_at timestamp with time zone NOT NULL,
    name character varying(100) NOT NULL,
    email character varying(254) NOT NULL,
    phone character varying(20) NOT NULL,
    country character varying(100) NOT NULL,
    inquiry_type character varying(20) NOT NULL,
    subject character varying(200) NOT NULL,
    message text NOT NULL,
    travel_date date,
    travelers integer,
    budget character varying(50) NOT NULL,
    status character varying(20) NOT NULL,
    internal_notes text NOT NULL,
    source character varying(50) NOT NULL,
    utm_source character varying(100) NOT NULL,
    utm_medium character varying(100) NOT NULL,
    utm_campaign character varying(100) NOT NULL,
    assigned_to_id bigint,
    tour_id bigint,
    CONSTRAINT contact_inquiry_travelers_check CHECK ((travelers >= 0))
);


--
-- Name: contact_inquiry_id_seq; Type: SEQUENCE; Schema: public; Owner: -
--

ALTER TABLE public.contact_inquiry ALTER COLUMN id ADD GENERATED BY DEFAULT AS IDENTITY (
    SEQUENCE NAME public.contact_inquiry_id_seq
    START WITH 1
    INCREMENT BY 1
    NO MINVALUE
    NO MAXVALUE
    CACHE 1
);


--
-- Name: contact_inquiryresponse; Type: TABLE; Schema: public; Owner: -
--

CREATE TABLE public.contact_inquiryresponse (
    id bigint NOT NULL,
    created_at timestamp with time zone NOT NULL,
    updated_at timestamp with time zone NOT NULL,
    message text NOT NULL,
    is_internal boolean NOT NULL,
    inquiry_id bigint NOT NULL,
    responder_id bigint
);


--
-- Name: contact_inquiryresponse_id_seq; Type: SEQUENCE; Schema: public; Owner: -
--

ALTER TABLE public.contact_inquiryresponse ALTER COLUMN id ADD GENERATED BY DEFAULT AS IDENTITY (
    SEQUENCE NAME public.contact_inquiryresponse_id_seq
    START WITH 1
    INCREMENT BY 1
    NO MINVALUE
    NO MAXVALUE
    CACHE 1
);


--
-- Name: contact_newsletter; Type: TABLE; Schema: public; Owner: -
--

CREATE TABLE public.contact_newsletter (
    id bigint NOT NULL,
    created_at timestamp with time zone NOT NULL,
    updated_at timestamp with time zone NOT NULL,
    email character varying(254) NOT NULL,
    name character varying(100) NOT NULL,
    is_active boolean NOT NULL,
    subscribed_at timestamp with time zone NOT NULL,
    unsubscribed_at timestamp with time zone,
    interests character varying(200) NOT NULL,
    source character varying(50) NOT NULL
);


--
-- Name: contact_newsletter_id_seq; Type: SEQUENCE; Schema: public; Owner: -
--

ALTER TABLE public.contact_newsletter ALTER COLUMN id ADD GENERATED BY DEFAULT AS IDENTITY (
    SEQUENCE NAME public.contact_newsletter_id_seq
    START WITH 1
    INCREMENT BY 1
    NO MINVALUE
    NO MAXVALUE
    CACHE 1
);


--
-- Name: contact_office; Type: TABLE; Schema: public; Owner: -
--

CREATE TABLE public.contact_office (
    id bigint NOT NULL,
    created_at timestamp with time zone NOT NULL,
    updated_at timestamp with time zone NOT NULL,
    name character varying(100) NOT NULL,
    city character varying(100) NOT NULL,
    address text NOT NULL,
    phone character varying(50) NOT NULL,
    email character varying(254) NOT NULL,
    whatsapp character varying(20) NOT NULL,
    latitude numeric(9,6),
    longitude numeric(9,6),
    working_hours character varying(200) NOT NULL,
    is_headquarters boolean NOT NULL,
    is_active boolean NOT NULL,
    sort_order integer NOT NULL,
    CONSTRAINT contact_office_sort_order_check CHECK ((sort_order >= 0))
);


--
-- Name: contact_office_id_seq; Type: SEQUENCE; Schema: public; Owner: -
--

ALTER TABLE public.contact_office ALTER COLUMN id ADD GENERATED BY DEFAULT AS IDENTITY (
    SEQUENCE NAME public.contact_office_id_seq
    START WITH 1
    INCREMENT BY 1
    NO MINVALUE
    NO MAXVALUE
    CACHE 1
);


--
-- Name: destinations_activity; Type: TABLE; Schema: public; Owner: -
--

CREATE TABLE public.destinations_activity (
    id bigint NOT NULL,
    created_at timestamp with time zone NOT NULL,
    updated_at timestamp with time zone NOT NULL,
    sort_order integer NOT NULL,
    name character varying(100) NOT NULL,
    description text NOT NULL,
    image character varying(100),
    price_from numeric(10,2),
    price_to numeric(10,2),
    duration character varying(50) NOT NULL,
    destination_id bigint NOT NULL,
    CONSTRAINT destinations_activity_sort_order_check CHECK ((sort_order >= 0))
);


--
-- Name: destinations_activity_id_seq; Type: SEQUENCE; Schema: public; Owner: -
--

ALTER TABLE public.destinations_activity ALTER COLUMN id ADD GENERATED BY DEFAULT AS IDENTITY (
    SEQUENCE NAME public.destinations_activity_id_seq
    START WITH 1
    INCREMENT BY 1
    NO MINVALUE
    NO MAXVALUE
    CACHE 1
);


--
-- Name: destinations_destination; Type: TABLE; Schema: public; Owner: -
--

CREATE TABLE public.destinations_destination (
    id bigint NOT NULL,
    created_at timestamp with time zone NOT NULL,
    updated_at timestamp with time zone NOT NULL,
    slug character varying(255) NOT NULL,
    meta_title character varying(70) NOT NULL,
    meta_description character varying(160) NOT NULL,
    meta_keywords character varying(255) NOT NULL,
    sort_order integer NOT NULL,
    name character varying(100) NOT NULL,
    tagline character varying(200) NOT NULL,
    description text NOT NULL,
    featured_image character varying(100) NOT NULL,
    banner_image character varying(100),
    video_url character varying(200) NOT NULL,
    country character varying(100) NOT NULL,
    region character varying(100) NOT NULL,
    latitude numeric(9,6),
    longitude numeric(9,6),
    best_time_to_visit text NOT NULL,
    getting_there text NOT NULL,
    climate_info text NOT NULL,
    is_featured boolean NOT NULL,
    is_active boolean NOT NULL,
    description_es text NOT NULL,
    description_pt text NOT NULL,
    name_es character varying(100) NOT NULL,
    name_pt character varying(100) NOT NULL,
    tagline_es character varying(200) NOT NULL,
    tagline_pt character varying(200) NOT NULL,
    CONSTRAINT destinations_destination_sort_order_check CHECK ((sort_order >= 0))
);


--
-- Name: destinations_destination_id_seq; Type: SEQUENCE; Schema: public; Owner: -
--

ALTER TABLE public.destinations_destination ALTER COLUMN id ADD GENERATED BY DEFAULT AS IDENTITY (
    SEQUENCE NAME public.destinations_destination_id_seq
    START WITH 1
    INCREMENT BY 1
    NO MINVALUE
    NO MAXVALUE
    CACHE 1
);


--
-- Name: destinations_destinationimage; Type: TABLE; Schema: public; Owner: -
--

CREATE TABLE public.destinations_destinationimage (
    id bigint NOT NULL,
    created_at timestamp with time zone NOT NULL,
    updated_at timestamp with time zone NOT NULL,
    sort_order integer NOT NULL,
    image character varying(100) NOT NULL,
    caption character varying(200) NOT NULL,
    alt_text character varying(200) NOT NULL,
    destination_id bigint NOT NULL,
    CONSTRAINT destinations_destinationimage_sort_order_check CHECK ((sort_order >= 0))
);


--
-- Name: destinations_destinationimage_id_seq; Type: SEQUENCE; Schema: public; Owner: -
--

ALTER TABLE public.destinations_destinationimage ALTER COLUMN id ADD GENERATED BY DEFAULT AS IDENTITY (
    SEQUENCE NAME public.destinations_destinationimage_id_seq
    START WITH 1
    INCREMENT BY 1
    NO MINVALUE
    NO MAXVALUE
    CACHE 1
);


--
-- Name: django_admin_log; Type: TABLE; Schema: public; Owner: -
--

CREATE TABLE public.django_admin_log (
    id integer NOT NULL,
    action_time timestamp with time zone NOT NULL,
    object_id text,
    object_repr character varying(200) NOT NULL,
    action_flag smallint NOT NULL,
    change_message text NOT NULL,
    content_type_id integer,
    user_id bigint NOT NULL,
    CONSTRAINT django_admin_log_action_flag_check CHECK ((action_flag >= 0))
);


--
-- Name: django_admin_log_id_seq; Type: SEQUENCE; Schema: public; Owner: -
--

ALTER TABLE public.django_admin_log ALTER COLUMN id ADD GENERATED BY DEFAULT AS IDENTITY (
    SEQUENCE NAME public.django_admin_log_id_seq
    START WITH 1
    INCREMENT BY 1
    NO MINVALUE
    NO MAXVALUE
    CACHE 1
);


--
-- Name: django_content_type; Type: TABLE; Schema: public; Owner: -
--

CREATE TABLE public.django_content_type (
    id integer NOT NULL,
    app_label character varying(100) NOT NULL,
    model character varying(100) NOT NULL
);


--
-- Name: django_content_type_id_seq; Type: SEQUENCE; Schema: public; Owner: -
--

ALTER TABLE public.django_content_type ALTER COLUMN id ADD GENERATED BY DEFAULT AS IDENTITY (
    SEQUENCE NAME public.django_content_type_id_seq
    START WITH 1
    INCREMENT BY 1
    NO MINVALUE
    NO MAXVALUE
    CACHE 1
);


--
-- Name: django_migrations; Type: TABLE; Schema: public; Owner: -
--

CREATE TABLE public.django_migrations (
    id bigint NOT NULL,
    app character varying(255) NOT NULL,
    name character varying(255) NOT NULL,
    applied timestamp with time zone NOT NULL
);


--
-- Name: django_migrations_id_seq; Type: SEQUENCE; Schema: public; Owner: -
--

ALTER TABLE public.django_migrations ALTER COLUMN id ADD GENERATED BY DEFAULT AS IDENTITY (
    SEQUENCE NAME public.django_migrations_id_seq
    START WITH 1
    INCREMENT BY 1
    NO MINVALUE
    NO MAXVALUE
    CACHE 1
);


--
-- Name: django_session; Type: TABLE; Schema: public; Owner: -
--

CREATE TABLE public.django_session (
    session_key character varying(40) NOT NULL,
    session_data text NOT NULL,
    expire_date timestamp with time zone NOT NULL
);


--
-- Name: django_site; Type: TABLE; Schema: public; Owner: -
--

CREATE TABLE public.django_site (
    id integer NOT NULL,
    domain character varying(100) NOT NULL,
    name character varying(50) NOT NULL
);


--
-- Name: django_site_id_seq; Type: SEQUENCE; Schema: public; Owner: -
--

ALTER TABLE public.django_site ALTER COLUMN id ADD GENERATED BY DEFAULT AS IDENTITY (
    SEQUENCE NAME public.django_site_id_seq
    START WITH 1
    INCREMENT BY 1
    NO MINVALUE
    NO MAXVALUE
    CACHE 1
);


--
-- Name: reviews_review; Type: TABLE; Schema: public; Owner: -
--

CREATE TABLE public.reviews_review (
    id bigint NOT NULL,
    created_at timestamp with time zone NOT NULL,
    updated_at timestamp with time zone NOT NULL,
    reviewer_name character varying(100) NOT NULL,
    reviewer_country character varying(100) NOT NULL,
    reviewer_avatar character varying(100),
    rating integer NOT NULL,
    title character varying(200) NOT NULL,
    content text NOT NULL,
    travel_date date,
    is_verified boolean NOT NULL,
    is_approved boolean NOT NULL,
    is_featured boolean NOT NULL,
    admin_response text NOT NULL,
    admin_response_at timestamp with time zone,
    booking_id bigint,
    tour_id bigint NOT NULL,
    user_id bigint,
    CONSTRAINT reviews_review_rating_check CHECK ((rating >= 0))
);


--
-- Name: reviews_review_id_seq; Type: SEQUENCE; Schema: public; Owner: -
--

ALTER TABLE public.reviews_review ALTER COLUMN id ADD GENERATED BY DEFAULT AS IDENTITY (
    SEQUENCE NAME public.reviews_review_id_seq
    START WITH 1
    INCREMENT BY 1
    NO MINVALUE
    NO MAXVALUE
    CACHE 1
);


--
-- Name: reviews_reviewimage; Type: TABLE; Schema: public; Owner: -
--

CREATE TABLE public.reviews_reviewimage (
    id bigint NOT NULL,
    created_at timestamp with time zone NOT NULL,
    updated_at timestamp with time zone NOT NULL,
    image character varying(100) NOT NULL,
    caption character varying(200) NOT NULL,
    review_id bigint NOT NULL
);


--
-- Name: reviews_reviewimage_id_seq; Type: SEQUENCE; Schema: public; Owner: -
--

ALTER TABLE public.reviews_reviewimage ALTER COLUMN id ADD GENERATED BY DEFAULT AS IDENTITY (
    SEQUENCE NAME public.reviews_reviewimage_id_seq
    START WITH 1
    INCREMENT BY 1
    NO MINVALUE
    NO MAXVALUE
    CACHE 1
);


--
-- Name: reviews_testimonial; Type: TABLE; Schema: public; Owner: -
--

CREATE TABLE public.reviews_testimonial (
    id bigint NOT NULL,
    created_at timestamp with time zone NOT NULL,
    updated_at timestamp with time zone NOT NULL,
    name character varying(100) NOT NULL,
    country character varying(100) NOT NULL,
    avatar character varying(100),
    quote text NOT NULL,
    rating integer NOT NULL,
    is_active boolean NOT NULL,
    sort_order integer NOT NULL,
    tour_id bigint,
    CONSTRAINT reviews_testimonial_rating_check CHECK ((rating >= 0)),
    CONSTRAINT reviews_testimonial_sort_order_check CHECK ((sort_order >= 0))
);


--
-- Name: reviews_testimonial_id_seq; Type: SEQUENCE; Schema: public; Owner: -
--

ALTER TABLE public.reviews_testimonial ALTER COLUMN id ADD GENERATED BY DEFAULT AS IDENTITY (
    SEQUENCE NAME public.reviews_testimonial_id_seq
    START WITH 1
    INCREMENT BY 1
    NO MINVALUE
    NO MAXVALUE
    CACHE 1
);


--
-- Name: socialaccount_socialaccount; Type: TABLE; Schema: public; Owner: -
--

CREATE TABLE public.socialaccount_socialaccount (
    id integer NOT NULL,
    provider character varying(200) NOT NULL,
    uid character varying(191) NOT NULL,
    last_login timestamp with time zone NOT NULL,
    date_joined timestamp with time zone NOT NULL,
    extra_data jsonb NOT NULL,
    user_id bigint NOT NULL
);


--
-- Name: socialaccount_socialaccount_id_seq; Type: SEQUENCE; Schema: public; Owner: -
--

ALTER TABLE public.socialaccount_socialaccount ALTER COLUMN id ADD GENERATED BY DEFAULT AS IDENTITY (
    SEQUENCE NAME public.socialaccount_socialaccount_id_seq
    START WITH 1
    INCREMENT BY 1
    NO MINVALUE
    NO MAXVALUE
    CACHE 1
);


--
-- Name: socialaccount_socialapp; Type: TABLE; Schema: public; Owner: -
--

CREATE TABLE public.socialaccount_socialapp (
    id integer NOT NULL,
    provider character varying(30) NOT NULL,
    name character varying(40) NOT NULL,
    client_id character varying(191) NOT NULL,
    secret character varying(191) NOT NULL,
    key character varying(191) NOT NULL,
    provider_id character varying(200) NOT NULL,
    settings jsonb NOT NULL
);


--
-- Name: socialaccount_socialapp_id_seq; Type: SEQUENCE; Schema: public; Owner: -
--

ALTER TABLE public.socialaccount_socialapp ALTER COLUMN id ADD GENERATED BY DEFAULT AS IDENTITY (
    SEQUENCE NAME public.socialaccount_socialapp_id_seq
    START WITH 1
    INCREMENT BY 1
    NO MINVALUE
    NO MAXVALUE
    CACHE 1
);


--
-- Name: socialaccount_socialapp_sites; Type: TABLE; Schema: public; Owner: -
--

CREATE TABLE public.socialaccount_socialapp_sites (
    id bigint NOT NULL,
    socialapp_id integer NOT NULL,
    site_id integer NOT NULL
);


--
-- Name: socialaccount_socialapp_sites_id_seq; Type: SEQUENCE; Schema: public; Owner: -
--

ALTER TABLE public.socialaccount_socialapp_sites ALTER COLUMN id ADD GENERATED BY DEFAULT AS IDENTITY (
    SEQUENCE NAME public.socialaccount_socialapp_sites_id_seq
    START WITH 1
    INCREMENT BY 1
    NO MINVALUE
    NO MAXVALUE
    CACHE 1
);


--
-- Name: socialaccount_socialtoken; Type: TABLE; Schema: public; Owner: -
--

CREATE TABLE public.socialaccount_socialtoken (
    id integer NOT NULL,
    token text NOT NULL,
    token_secret text NOT NULL,
    expires_at timestamp with time zone,
    account_id integer NOT NULL,
    app_id integer
);


--
-- Name: socialaccount_socialtoken_id_seq; Type: SEQUENCE; Schema: public; Owner: -
--

ALTER TABLE public.socialaccount_socialtoken ALTER COLUMN id ADD GENERATED BY DEFAULT AS IDENTITY (
    SEQUENCE NAME public.socialaccount_socialtoken_id_seq
    START WITH 1
    INCREMENT BY 1
    NO MINVALUE
    NO MAXVALUE
    CACHE 1
);


--
-- Name: token_blacklist_blacklistedtoken; Type: TABLE; Schema: public; Owner: -
--

CREATE TABLE public.token_blacklist_blacklistedtoken (
    id bigint NOT NULL,
    blacklisted_at timestamp with time zone NOT NULL,
    token_id bigint NOT NULL
);


--
-- Name: token_blacklist_blacklistedtoken_id_seq; Type: SEQUENCE; Schema: public; Owner: -
--

ALTER TABLE public.token_blacklist_blacklistedtoken ALTER COLUMN id ADD GENERATED BY DEFAULT AS IDENTITY (
    SEQUENCE NAME public.token_blacklist_blacklistedtoken_id_seq
    START WITH 1
    INCREMENT BY 1
    NO MINVALUE
    NO MAXVALUE
    CACHE 1
);


--
-- Name: token_blacklist_outstandingtoken; Type: TABLE; Schema: public; Owner: -
--

CREATE TABLE public.token_blacklist_outstandingtoken (
    id bigint NOT NULL,
    token text NOT NULL,
    created_at timestamp with time zone,
    expires_at timestamp with time zone NOT NULL,
    user_id bigint,
    jti character varying(255) NOT NULL
);


--
-- Name: token_blacklist_outstandingtoken_id_seq; Type: SEQUENCE; Schema: public; Owner: -
--

ALTER TABLE public.token_blacklist_outstandingtoken ALTER COLUMN id ADD GENERATED BY DEFAULT AS IDENTITY (
    SEQUENCE NAME public.token_blacklist_outstandingtoken_id_seq
    START WITH 1
    INCREMENT BY 1
    NO MINVALUE
    NO MAXVALUE
    CACHE 1
);


--
-- Name: tours_tour; Type: TABLE; Schema: public; Owner: -
--

CREATE TABLE public.tours_tour (
    id bigint NOT NULL,
    created_at timestamp with time zone NOT NULL,
    updated_at timestamp with time zone NOT NULL,
    slug character varying(255) NOT NULL,
    is_published boolean NOT NULL,
    published_at timestamp with time zone,
    meta_title character varying(70) NOT NULL,
    meta_description character varying(160) NOT NULL,
    meta_keywords character varying(255) NOT NULL,
    name character varying(200) NOT NULL,
    short_description character varying(300) NOT NULL,
    description text NOT NULL,
    days integer NOT NULL,
    nights integer NOT NULL,
    price numeric(10,2) NOT NULL,
    price_single_supplement numeric(10,2),
    child_price numeric(10,2),
    currency character varying(3) NOT NULL,
    min_group_size integer NOT NULL,
    max_group_size integer NOT NULL,
    featured_image character varying(100) NOT NULL,
    video_url character varying(200) NOT NULL,
    is_featured boolean NOT NULL,
    is_best_seller boolean NOT NULL,
    is_new boolean NOT NULL,
    has_discount boolean NOT NULL,
    discount_percentage integer,
    average_rating numeric(2,1) NOT NULL,
    review_count integer NOT NULL,
    difficulty_level character varying(20) NOT NULL,
    departure_city character varying(100) NOT NULL,
    languages character varying(200) NOT NULL,
    category_id bigint,
    description_es text NOT NULL,
    description_pt text NOT NULL,
    name_es character varying(200) NOT NULL,
    name_pt character varying(200) NOT NULL,
    short_description_es character varying(300) NOT NULL,
    short_description_pt character varying(300) NOT NULL,
    tour_type_id bigint,
    discount_end_date timestamp with time zone,
    discount_start_date timestamp with time zone,
    CONSTRAINT tours_tour_days_check CHECK ((days >= 0)),
    CONSTRAINT tours_tour_discount_percentage_check CHECK ((discount_percentage >= 0)),
    CONSTRAINT tours_tour_max_group_size_check CHECK ((max_group_size >= 0)),
    CONSTRAINT tours_tour_min_group_size_check CHECK ((min_group_size >= 0)),
    CONSTRAINT tours_tour_nights_check CHECK ((nights >= 0)),
    CONSTRAINT tours_tour_review_count_check CHECK ((review_count >= 0))
);


--
-- Name: tours_tour_destinations; Type: TABLE; Schema: public; Owner: -
--

CREATE TABLE public.tours_tour_destinations (
    id bigint NOT NULL,
    tour_id bigint NOT NULL,
    destination_id bigint NOT NULL
);


--
-- Name: tours_tour_destinations_id_seq; Type: SEQUENCE; Schema: public; Owner: -
--

ALTER TABLE public.tours_tour_destinations ALTER COLUMN id ADD GENERATED BY DEFAULT AS IDENTITY (
    SEQUENCE NAME public.tours_tour_destinations_id_seq
    START WITH 1
    INCREMENT BY 1
    NO MINVALUE
    NO MAXVALUE
    CACHE 1
);


--
-- Name: tours_tour_id_seq; Type: SEQUENCE; Schema: public; Owner: -
--

ALTER TABLE public.tours_tour ALTER COLUMN id ADD GENERATED BY DEFAULT AS IDENTITY (
    SEQUENCE NAME public.tours_tour_id_seq
    START WITH 1
    INCREMENT BY 1
    NO MINVALUE
    NO MAXVALUE
    CACHE 1
);


--
-- Name: tours_tourcategory; Type: TABLE; Schema: public; Owner: -
--

CREATE TABLE public.tours_tourcategory (
    id bigint NOT NULL,
    created_at timestamp with time zone NOT NULL,
    updated_at timestamp with time zone NOT NULL,
    slug character varying(255) NOT NULL,
    sort_order integer NOT NULL,
    name character varying(100) NOT NULL,
    description text NOT NULL,
    icon character varying(50) NOT NULL,
    image character varying(100),
    is_active boolean NOT NULL,
    description_es text NOT NULL,
    description_pt text NOT NULL,
    name_es character varying(100) NOT NULL,
    name_pt character varying(100) NOT NULL,
    CONSTRAINT tours_tourcategory_sort_order_check CHECK ((sort_order >= 0))
);


--
-- Name: tours_tourcategory_id_seq; Type: SEQUENCE; Schema: public; Owner: -
--

ALTER TABLE public.tours_tourcategory ALTER COLUMN id ADD GENERATED BY DEFAULT AS IDENTITY (
    SEQUENCE NAME public.tours_tourcategory_id_seq
    START WITH 1
    INCREMENT BY 1
    NO MINVALUE
    NO MAXVALUE
    CACHE 1
);


--
-- Name: tours_tourdeparture; Type: TABLE; Schema: public; Owner: -
--

CREATE TABLE public.tours_tourdeparture (
    id bigint NOT NULL,
    created_at timestamp with time zone NOT NULL,
    updated_at timestamp with time zone NOT NULL,
    departure_date date NOT NULL,
    return_date date NOT NULL,
    price numeric(10,2),
    available_spots integer NOT NULL,
    is_guaranteed boolean NOT NULL,
    status character varying(20) NOT NULL,
    tour_id bigint NOT NULL,
    CONSTRAINT tours_tourdeparture_available_spots_check CHECK ((available_spots >= 0))
);


--
-- Name: tours_tourdeparture_id_seq; Type: SEQUENCE; Schema: public; Owner: -
--

ALTER TABLE public.tours_tourdeparture ALTER COLUMN id ADD GENERATED BY DEFAULT AS IDENTITY (
    SEQUENCE NAME public.tours_tourdeparture_id_seq
    START WITH 1
    INCREMENT BY 1
    NO MINVALUE
    NO MAXVALUE
    CACHE 1
);


--
-- Name: tours_tourfaq; Type: TABLE; Schema: public; Owner: -
--

CREATE TABLE public.tours_tourfaq (
    id bigint NOT NULL,
    created_at timestamp with time zone NOT NULL,
    updated_at timestamp with time zone NOT NULL,
    sort_order integer NOT NULL,
    question character varying(300) NOT NULL,
    answer text NOT NULL,
    tour_id bigint NOT NULL,
    CONSTRAINT tours_tourfaq_sort_order_check CHECK ((sort_order >= 0))
);


--
-- Name: tours_tourfaq_id_seq; Type: SEQUENCE; Schema: public; Owner: -
--

ALTER TABLE public.tours_tourfaq ALTER COLUMN id ADD GENERATED BY DEFAULT AS IDENTITY (
    SEQUENCE NAME public.tours_tourfaq_id_seq
    START WITH 1
    INCREMENT BY 1
    NO MINVALUE
    NO MAXVALUE
    CACHE 1
);


--
-- Name: tours_tourhighlight; Type: TABLE; Schema: public; Owner: -
--

CREATE TABLE public.tours_tourhighlight (
    id bigint NOT NULL,
    created_at timestamp with time zone NOT NULL,
    updated_at timestamp with time zone NOT NULL,
    sort_order integer NOT NULL,
    title character varying(200) NOT NULL,
    description text NOT NULL,
    icon character varying(50) NOT NULL,
    tour_id bigint NOT NULL,
    CONSTRAINT tours_tourhighlight_sort_order_check CHECK ((sort_order >= 0))
);


--
-- Name: tours_tourhighlight_id_seq; Type: SEQUENCE; Schema: public; Owner: -
--

ALTER TABLE public.tours_tourhighlight ALTER COLUMN id ADD GENERATED BY DEFAULT AS IDENTITY (
    SEQUENCE NAME public.tours_tourhighlight_id_seq
    START WITH 1
    INCREMENT BY 1
    NO MINVALUE
    NO MAXVALUE
    CACHE 1
);


--
-- Name: tours_tourimage; Type: TABLE; Schema: public; Owner: -
--

CREATE TABLE public.tours_tourimage (
    id bigint NOT NULL,
    created_at timestamp with time zone NOT NULL,
    updated_at timestamp with time zone NOT NULL,
    sort_order integer NOT NULL,
    image character varying(100) NOT NULL,
    caption character varying(200) NOT NULL,
    alt_text character varying(200) NOT NULL,
    tour_id bigint NOT NULL,
    CONSTRAINT tours_tourimage_sort_order_check CHECK ((sort_order >= 0))
);


--
-- Name: tours_tourimage_id_seq; Type: SEQUENCE; Schema: public; Owner: -
--

ALTER TABLE public.tours_tourimage ALTER COLUMN id ADD GENERATED BY DEFAULT AS IDENTITY (
    SEQUENCE NAME public.tours_tourimage_id_seq
    START WITH 1
    INCREMENT BY 1
    NO MINVALUE
    NO MAXVALUE
    CACHE 1
);


--
-- Name: tours_tourinclusion; Type: TABLE; Schema: public; Owner: -
--

CREATE TABLE public.tours_tourinclusion (
    id bigint NOT NULL,
    created_at timestamp with time zone NOT NULL,
    updated_at timestamp with time zone NOT NULL,
    sort_order integer NOT NULL,
    item character varying(200) NOT NULL,
    is_included boolean NOT NULL,
    tour_id bigint NOT NULL,
    CONSTRAINT tours_tourinclusion_sort_order_check CHECK ((sort_order >= 0))
);


--
-- Name: tours_tourinclusion_id_seq; Type: SEQUENCE; Schema: public; Owner: -
--

ALTER TABLE public.tours_tourinclusion ALTER COLUMN id ADD GENERATED BY DEFAULT AS IDENTITY (
    SEQUENCE NAME public.tours_tourinclusion_id_seq
    START WITH 1
    INCREMENT BY 1
    NO MINVALUE
    NO MAXVALUE
    CACHE 1
);


--
-- Name: tours_touritinerary; Type: TABLE; Schema: public; Owner: -
--

CREATE TABLE public.tours_touritinerary (
    id bigint NOT NULL,
    created_at timestamp with time zone NOT NULL,
    updated_at timestamp with time zone NOT NULL,
    sort_order integer NOT NULL,
    day_number integer NOT NULL,
    title character varying(200) NOT NULL,
    description text NOT NULL,
    locations character varying(300) NOT NULL,
    meals_included character varying(50) NOT NULL,
    accommodation character varying(200) NOT NULL,
    image character varying(100),
    tour_id bigint NOT NULL,
    CONSTRAINT tours_touritinerary_day_number_check CHECK ((day_number >= 0)),
    CONSTRAINT tours_touritinerary_sort_order_check CHECK ((sort_order >= 0))
);


--
-- Name: tours_touritinerary_id_seq; Type: SEQUENCE; Schema: public; Owner: -
--

ALTER TABLE public.tours_touritinerary ALTER COLUMN id ADD GENERATED BY DEFAULT AS IDENTITY (
    SEQUENCE NAME public.tours_touritinerary_id_seq
    START WITH 1
    INCREMENT BY 1
    NO MINVALUE
    NO MAXVALUE
    CACHE 1
);


--
-- Name: tours_tourpricing; Type: TABLE; Schema: public; Owner: -
--

CREATE TABLE public.tours_tourpricing (
    id bigint NOT NULL,
    created_at timestamp with time zone NOT NULL,
    updated_at timestamp with time zone NOT NULL,
    season_name character varying(50) NOT NULL,
    start_date date NOT NULL,
    end_date date NOT NULL,
    price_per_person numeric(10,2) NOT NULL,
    single_supplement numeric(10,2),
    tour_id bigint NOT NULL
);


--
-- Name: tours_tourpricing_id_seq; Type: SEQUENCE; Schema: public; Owner: -
--

ALTER TABLE public.tours_tourpricing ALTER COLUMN id ADD GENERATED BY DEFAULT AS IDENTITY (
    SEQUENCE NAME public.tours_tourpricing_id_seq
    START WITH 1
    INCREMENT BY 1
    NO MINVALUE
    NO MAXVALUE
    CACHE 1
);


--
-- Name: tours_tourtype; Type: TABLE; Schema: public; Owner: -
--

CREATE TABLE public.tours_tourtype (
    id bigint NOT NULL,
    created_at timestamp with time zone NOT NULL,
    updated_at timestamp with time zone NOT NULL,
    slug character varying(255) NOT NULL,
    sort_order integer NOT NULL,
    name character varying(100) NOT NULL,
    name_es character varying(100) NOT NULL,
    name_pt character varying(100) NOT NULL,
    description text NOT NULL,
    icon character varying(50) NOT NULL,
    is_active boolean NOT NULL,
    CONSTRAINT tours_tourtype_sort_order_check CHECK ((sort_order >= 0))
);


--
-- Name: tours_tourtype_id_seq; Type: SEQUENCE; Schema: public; Owner: -
--

ALTER TABLE public.tours_tourtype ALTER COLUMN id ADD GENERATED BY DEFAULT AS IDENTITY (
    SEQUENCE NAME public.tours_tourtype_id_seq
    START WITH 1
    INCREMENT BY 1
    NO MINVALUE
    NO MAXVALUE
    CACHE 1
);


--
-- Name: users_user; Type: TABLE; Schema: public; Owner: -
--

CREATE TABLE public.users_user (
    id bigint NOT NULL,
    password character varying(128) NOT NULL,
    last_login timestamp with time zone,
    is_superuser boolean NOT NULL,
    first_name character varying(150) NOT NULL,
    last_name character varying(150) NOT NULL,
    is_staff boolean NOT NULL,
    is_active boolean NOT NULL,
    date_joined timestamp with time zone NOT NULL,
    created_at timestamp with time zone NOT NULL,
    updated_at timestamp with time zone NOT NULL,
    email character varying(254) NOT NULL,
    phone character varying(20) NOT NULL,
    country character varying(100) NOT NULL,
    avatar character varying(100),
    preferred_language character varying(5) NOT NULL,
    newsletter_subscribed boolean NOT NULL,
    date_of_birth date,
    nationality character varying(100) NOT NULL,
    passport_number character varying(50) NOT NULL
);


--
-- Name: users_user_groups; Type: TABLE; Schema: public; Owner: -
--

CREATE TABLE public.users_user_groups (
    id bigint NOT NULL,
    user_id bigint NOT NULL,
    group_id integer NOT NULL
);


--
-- Name: users_user_groups_id_seq; Type: SEQUENCE; Schema: public; Owner: -
--

ALTER TABLE public.users_user_groups ALTER COLUMN id ADD GENERATED BY DEFAULT AS IDENTITY (
    SEQUENCE NAME public.users_user_groups_id_seq
    START WITH 1
    INCREMENT BY 1
    NO MINVALUE
    NO MAXVALUE
    CACHE 1
);


--
-- Name: users_user_id_seq; Type: SEQUENCE; Schema: public; Owner: -
--

ALTER TABLE public.users_user ALTER COLUMN id ADD GENERATED BY DEFAULT AS IDENTITY (
    SEQUENCE NAME public.users_user_id_seq
    START WITH 1
    INCREMENT BY 1
    NO MINVALUE
    NO MAXVALUE
    CACHE 1
);


--
-- Name: users_user_user_permissions; Type: TABLE; Schema: public; Owner: -
--

CREATE TABLE public.users_user_user_permissions (
    id bigint NOT NULL,
    user_id bigint NOT NULL,
    permission_id integer NOT NULL
);


--
-- Name: users_user_user_permissions_id_seq; Type: SEQUENCE; Schema: public; Owner: -
--

ALTER TABLE public.users_user_user_permissions ALTER COLUMN id ADD GENERATED BY DEFAULT AS IDENTITY (
    SEQUENCE NAME public.users_user_user_permissions_id_seq
    START WITH 1
    INCREMENT BY 1
    NO MINVALUE
    NO MAXVALUE
    CACHE 1
);


--
-- Name: users_userprofile; Type: TABLE; Schema: public; Owner: -
--

CREATE TABLE public.users_userprofile (
    id bigint NOT NULL,
    created_at timestamp with time zone NOT NULL,
    updated_at timestamp with time zone NOT NULL,
    bio text NOT NULL,
    emergency_contact_name character varying(100) NOT NULL,
    emergency_contact_phone character varying(20) NOT NULL,
    emergency_contact_relation character varying(50) NOT NULL,
    dietary_requirements text NOT NULL,
    medical_conditions text NOT NULL,
    special_requests text NOT NULL,
    user_id bigint NOT NULL
);


--
-- Name: users_userprofile_id_seq; Type: SEQUENCE; Schema: public; Owner: -
--

ALTER TABLE public.users_userprofile ALTER COLUMN id ADD GENERATED BY DEFAULT AS IDENTITY (
    SEQUENCE NAME public.users_userprofile_id_seq
    START WITH 1
    INCREMENT BY 1
    NO MINVALUE
    NO MAXVALUE
    CACHE 1
);


--
-- Name: users_wishlist; Type: TABLE; Schema: public; Owner: -
--

CREATE TABLE public.users_wishlist (
    id bigint NOT NULL,
    created_at timestamp with time zone NOT NULL,
    updated_at timestamp with time zone NOT NULL,
    tour_id bigint NOT NULL,
    user_id bigint NOT NULL
);


--
-- Name: users_wishlist_id_seq; Type: SEQUENCE; Schema: public; Owner: -
--

ALTER TABLE public.users_wishlist ALTER COLUMN id ADD GENERATED BY DEFAULT AS IDENTITY (
    SEQUENCE NAME public.users_wishlist_id_seq
    START WITH 1
    INCREMENT BY 1
    NO MINVALUE
    NO MAXVALUE
    CACHE 1
);


--
-- Data for Name: account_emailaddress; Type: TABLE DATA; Schema: public; Owner: -
--

COPY public.account_emailaddress (id, email, verified, "primary", user_id) FROM stdin;
1	test@example.com	f	t	1
\.


--
-- Data for Name: account_emailconfirmation; Type: TABLE DATA; Schema: public; Owner: -
--

COPY public.account_emailconfirmation (id, created, sent, key, email_address_id) FROM stdin;
\.


--
-- Data for Name: auth_group; Type: TABLE DATA; Schema: public; Owner: -
--

COPY public.auth_group (id, name) FROM stdin;
\.


--
-- Data for Name: auth_group_permissions; Type: TABLE DATA; Schema: public; Owner: -
--

COPY public.auth_group_permissions (id, group_id, permission_id) FROM stdin;
\.


--
-- Data for Name: auth_permission; Type: TABLE DATA; Schema: public; Owner: -
--

COPY public.auth_permission (id, name, content_type_id, codename) FROM stdin;
1	Can add log entry	1	add_logentry
2	Can change log entry	1	change_logentry
3	Can delete log entry	1	delete_logentry
4	Can view log entry	1	view_logentry
5	Can add permission	2	add_permission
6	Can change permission	2	change_permission
7	Can delete permission	2	delete_permission
8	Can view permission	2	view_permission
9	Can add group	3	add_group
10	Can change group	3	change_group
11	Can delete group	3	delete_group
12	Can view group	3	view_group
13	Can add content type	4	add_contenttype
14	Can change content type	4	change_contenttype
15	Can delete content type	4	delete_contenttype
16	Can view content type	4	view_contenttype
17	Can add session	5	add_session
18	Can change session	5	change_session
19	Can delete session	5	delete_session
20	Can view session	5	view_session
21	Can add site	6	add_site
22	Can change site	6	change_site
23	Can delete site	6	delete_site
24	Can view site	6	view_site
25	Can add Token	7	add_token
26	Can change Token	7	change_token
27	Can delete Token	7	delete_token
28	Can view Token	7	view_token
29	Can add token	8	add_tokenproxy
30	Can change token	8	change_tokenproxy
31	Can delete token	8	delete_tokenproxy
32	Can view token	8	view_tokenproxy
33	Can add blacklisted token	9	add_blacklistedtoken
34	Can change blacklisted token	9	change_blacklistedtoken
35	Can delete blacklisted token	9	delete_blacklistedtoken
36	Can view blacklisted token	9	view_blacklistedtoken
37	Can add outstanding token	10	add_outstandingtoken
38	Can change outstanding token	10	change_outstandingtoken
39	Can delete outstanding token	10	delete_outstandingtoken
40	Can view outstanding token	10	view_outstandingtoken
41	Can add email address	11	add_emailaddress
42	Can change email address	11	change_emailaddress
43	Can delete email address	11	delete_emailaddress
44	Can view email address	11	view_emailaddress
45	Can add email confirmation	12	add_emailconfirmation
46	Can change email confirmation	12	change_emailconfirmation
47	Can delete email confirmation	12	delete_emailconfirmation
48	Can view email confirmation	12	view_emailconfirmation
49	Can add social account	13	add_socialaccount
50	Can change social account	13	change_socialaccount
51	Can delete social account	13	delete_socialaccount
52	Can view social account	13	view_socialaccount
53	Can add social application	14	add_socialapp
54	Can change social application	14	change_socialapp
55	Can delete social application	14	delete_socialapp
56	Can view social application	14	view_socialapp
57	Can add social application token	15	add_socialtoken
58	Can change social application token	15	change_socialtoken
59	Can delete social application token	15	delete_socialtoken
60	Can view social application token	15	view_socialtoken
61	Can add User	16	add_user
62	Can change User	16	change_user
63	Can delete User	16	delete_user
64	Can view User	16	view_user
65	Can add User Profile	17	add_userprofile
66	Can change User Profile	17	change_userprofile
67	Can delete User Profile	17	delete_userprofile
68	Can view User Profile	17	view_userprofile
69	Can add Wishlist	18	add_wishlist
70	Can change Wishlist	18	change_wishlist
71	Can delete Wishlist	18	delete_wishlist
72	Can view Wishlist	18	view_wishlist
73	Can add Tour Category	19	add_tourcategory
74	Can change Tour Category	19	change_tourcategory
75	Can delete Tour Category	19	delete_tourcategory
76	Can view Tour Category	19	view_tourcategory
77	Can add Tour	20	add_tour
78	Can change Tour	20	change_tour
79	Can delete Tour	20	delete_tour
80	Can view Tour	20	view_tour
81	Can add Add-on	21	add_addon
82	Can change Add-on	21	change_addon
83	Can delete Add-on	21	delete_addon
84	Can view Add-on	21	view_addon
85	Can add Tour Departure	22	add_tourdeparture
86	Can change Tour Departure	22	change_tourdeparture
87	Can delete Tour Departure	22	delete_tourdeparture
88	Can view Tour Departure	22	view_tourdeparture
89	Can add Tour FAQ	23	add_tourfaq
90	Can change Tour FAQ	23	change_tourfaq
91	Can delete Tour FAQ	23	delete_tourfaq
92	Can view Tour FAQ	23	view_tourfaq
93	Can add Tour Highlight	24	add_tourhighlight
94	Can change Tour Highlight	24	change_tourhighlight
95	Can delete Tour Highlight	24	delete_tourhighlight
96	Can view Tour Highlight	24	view_tourhighlight
97	Can add Tour Image	25	add_tourimage
98	Can change Tour Image	25	change_tourimage
99	Can delete Tour Image	25	delete_tourimage
100	Can view Tour Image	25	view_tourimage
101	Can add Tour Inclusion	26	add_tourinclusion
102	Can change Tour Inclusion	26	change_tourinclusion
103	Can delete Tour Inclusion	26	delete_tourinclusion
104	Can view Tour Inclusion	26	view_tourinclusion
105	Can add Tour Itinerary	27	add_touritinerary
106	Can change Tour Itinerary	27	change_touritinerary
107	Can delete Tour Itinerary	27	delete_touritinerary
108	Can view Tour Itinerary	27	view_touritinerary
109	Can add Tour Pricing	28	add_tourpricing
110	Can change Tour Pricing	28	change_tourpricing
111	Can delete Tour Pricing	28	delete_tourpricing
112	Can view Tour Pricing	28	view_tourpricing
113	Can add Destination	29	add_destination
114	Can change Destination	29	change_destination
115	Can delete Destination	29	delete_destination
116	Can view Destination	29	view_destination
117	Can add Area	30	add_area
118	Can change Area	30	change_area
119	Can delete Area	30	delete_area
120	Can view Area	30	view_area
121	Can add Activity	31	add_activity
122	Can change Activity	31	change_activity
123	Can delete Activity	31	delete_activity
124	Can view Activity	31	view_activity
125	Can add Destination Image	32	add_destinationimage
126	Can change Destination Image	32	change_destinationimage
127	Can delete Destination Image	32	delete_destinationimage
128	Can view Destination Image	32	view_destinationimage
129	Can add Booking Add-on	33	add_bookingaddon
130	Can change Booking Add-on	33	change_bookingaddon
131	Can delete Booking Add-on	33	delete_bookingaddon
132	Can view Booking Add-on	33	view_bookingaddon
133	Can add Payment	34	add_payment
134	Can change Payment	34	change_payment
135	Can delete Payment	34	delete_payment
136	Can view Payment	34	view_payment
137	Can add Promo Code	35	add_promocode
138	Can change Promo Code	35	change_promocode
139	Can delete Promo Code	35	delete_promocode
140	Can view Promo Code	35	view_promocode
141	Can add Traveler	36	add_traveler
142	Can change Traveler	36	change_traveler
143	Can delete Traveler	36	delete_traveler
144	Can view Traveler	36	view_traveler
145	Can add Booking	37	add_booking
146	Can change Booking	37	change_booking
147	Can delete Booking	37	delete_booking
148	Can view Booking	37	view_booking
149	Can add Category	38	add_category
150	Can change Category	38	change_category
151	Can delete Category	38	delete_category
152	Can view Category	38	view_category
153	Can add Post	39	add_post
154	Can change Post	39	change_post
155	Can delete Post	39	delete_post
156	Can view Post	39	view_post
157	Can add Tag	40	add_tag
158	Can change Tag	40	change_tag
159	Can delete Tag	40	delete_tag
160	Can view Tag	40	view_tag
161	Can add Comment	41	add_comment
162	Can change Comment	41	change_comment
163	Can delete Comment	41	delete_comment
164	Can view Comment	41	view_comment
165	Can add Review Image	42	add_reviewimage
166	Can change Review Image	42	change_reviewimage
167	Can delete Review Image	42	delete_reviewimage
168	Can view Review Image	42	view_reviewimage
169	Can add Testimonial	43	add_testimonial
170	Can change Testimonial	43	change_testimonial
171	Can delete Testimonial	43	delete_testimonial
172	Can view Testimonial	43	view_testimonial
173	Can add Review	44	add_review
174	Can change Review	44	change_review
175	Can delete Review	44	delete_review
176	Can view Review	44	view_review
177	Can add FAQ	45	add_faq
178	Can change FAQ	45	change_faq
179	Can delete FAQ	45	delete_faq
180	Can view FAQ	45	view_faq
181	Can add Inquiry	46	add_inquiry
182	Can change Inquiry	46	change_inquiry
183	Can delete Inquiry	46	delete_inquiry
184	Can view Inquiry	46	view_inquiry
185	Can add Inquiry Response	47	add_inquiryresponse
186	Can change Inquiry Response	47	change_inquiryresponse
187	Can delete Inquiry Response	47	delete_inquiryresponse
188	Can view Inquiry Response	47	view_inquiryresponse
189	Can add Newsletter Subscriber	48	add_newsletter
190	Can change Newsletter Subscriber	48	change_newsletter
191	Can delete Newsletter Subscriber	48	delete_newsletter
192	Can view Newsletter Subscriber	48	view_newsletter
193	Can add Office	49	add_office
194	Can change Office	49	change_office
195	Can delete Office	49	delete_office
196	Can view Office	49	view_office
197	Can add Tour Type	50	add_tourtype
198	Can change Tour Type	50	change_tourtype
199	Can delete Tour Type	50	delete_tourtype
200	Can view Tour Type	50	view_tourtype
\.


--
-- Data for Name: authtoken_token; Type: TABLE DATA; Schema: public; Owner: -
--

COPY public.authtoken_token (key, created, user_id) FROM stdin;
25f3d83172da40cecce20835163c9c686eb22f41	2025-12-06 12:33:13.243209-08	1
\.


--
-- Data for Name: blog_category; Type: TABLE DATA; Schema: public; Owner: -
--

COPY public.blog_category (id, created_at, updated_at, slug, name, description, image, is_active, description_es, description_pt, name_es, name_pt) FROM stdin;
4	2025-12-06 14:26:11.498084-08	2025-12-06 14:26:11.498084-08	culture-history	Culture & History	Learn about Egyptian culture and history		t				
5	2025-12-06 14:26:11.503077-08	2025-12-06 14:26:11.503077-08	adventure	Adventure	Adventure activities in Egypt		t				
6	2025-12-06 14:26:11.50707-08	2025-12-06 14:26:11.50707-08	food-cuisine	Food & Cuisine	Egyptian food and culinary experiences		t				
2	2025-12-06 14:26:11.488081-08	2025-12-07 09:28:17.090935-08	travel-tips	Travel Tips	Practical advice for traveling in Egypt		t				
7	2025-12-07 09:28:17.095153-08	2025-12-07 09:28:17.095153-08	egyptian-history	Egyptian History	Deep dives into Egypt's fascinating past		t				
8	2025-12-07 09:28:17.099148-08	2025-12-07 09:28:17.099148-08	culture-food	Culture & Food	Egyptian traditions and cuisine		t				
3	2025-12-06 14:26:11.494083-08	2025-12-07 09:28:17.10215-08	destinations	Destinations	Guides to Egypt's best places		t				
\.


--
-- Data for Name: blog_comment; Type: TABLE DATA; Schema: public; Owner: -
--

COPY public.blog_comment (id, created_at, updated_at, name, email, content, is_approved, parent_id, user_id, post_id) FROM stdin;
\.


--
-- Data for Name: blog_post; Type: TABLE DATA; Schema: public; Owner: -
--

COPY public.blog_post (id, created_at, updated_at, slug, is_published, published_at, meta_title, meta_description, meta_keywords, title, excerpt, content, featured_image, featured_image_alt, author_name, view_count, reading_time, is_featured, allow_comments, author_id, category_id, content_es, content_pt, excerpt_es, excerpt_pt, title_es, title_pt) FROM stdin;
2	2025-12-06 14:26:11.567076-08	2025-12-07 09:36:16.338284-08	a-complete-nile-cruise-experience-what-to-expect	t	\N				A Complete Nile Cruise Experience: What to Expect	Sailing the Nile is a bucket-list experience. Learn what to pack and how to make the most of your journey.	A Nile cruise is one of the most magical ways to experience Egypt. As you sail between Luxor and Aswan, you'll witness timeless temples and traditional villages along the riverbanks.\n\n## Types of Nile Cruises\n- **Luxury Cruises**: 5-star ships with all amenities\n- **Standard Cruises**: Comfortable 4-star options\n- **Dahabiya Boats**: Traditional sailing vessels for intimate experiences\n- **Felucca Trips**: Budget-friendly sailboat adventures\n\n## What's Included\nMost Nile cruises include:\n- Accommodation in private cabins\n- All meals (breakfast, lunch, dinner)\n- Guided temple visits\n- Entertainment onboard\n\n## Must-See Temples\nDuring your cruise, you'll visit:\n1. Karnak Temple\n2. Luxor Temple\n3. Edfu Temple\n4. Kom Ombo Temple\n5. Philae Temple\n\n## Packing Tips\nPack light, loose clothing, sunscreen, and comfortable shoes for temple visits.	blog/posts/a-complete-nile-cruise-experience-what-to-expect_featured.jpg		Sarah Mohamed	2	6	t	t	\N	2						
6	2025-12-07 09:28:17.151728-08	2025-12-07 09:36:20.227605-08	10-essential-tips-for-your-first-trip-to-egypt	t	2025-11-17 09:28:17.146183-08				10 Essential Tips for Your First Trip to Egypt	Planning your first Egyptian adventure? Here's everything you need to know.	Egypt is a destination like no other. Here are essential tips for your first visit:\n\n## 1. Best Time to Visit\nOctober to April offers the most pleasant weather for sightseeing.\n\n## 2. Visa Requirements\nMost nationalities can obtain a visa on arrival for $25 USD.\n\n## 3. What to Pack\nComfortable, modest clothing, sun protection, and comfortable walking shoes.\n\n## 4. Money Matters\nATMs are widely available. Keep small bills for tips.\n\n## 5. Tipping Culture\nTipping (baksheesh) is expected. Keep small bills handy.\n\n## 6. Stay Hydrated\nDrink plenty of bottled water.\n\n## 7. Bargaining\nExpected in markets like Khan el-Khalili.\n\n## 8. Photography\nAsk permission before photographing people.\n\n## 9. Safety\nEgypt is generally safe for tourists.\n\n## 10. Embrace the Experience\nEgyptian hospitality is legendary!	blog/posts/10-essential-tips-for-your-first-trip-to-egypt_featured.jpg		Ahmed Hassan	1523	8	t	t	\N	2						
7	2025-12-07 09:28:17.167272-08	2025-12-07 09:36:22.209755-08	the-mysteries-of-the-great-pyramid	t	2025-11-12 09:28:17.165275-08				The Mysteries of the Great Pyramid	Explore the enduring mysteries of the Great Pyramid of Giza.	The Great Pyramid has fascinated humanity for over 4,500 years.\n\n## Construction Facts\n- Height: Originally 146.5 meters\n- Blocks: About 2.3 million limestone blocks\n- Construction time: Approximately 20 years\n\n## The Mystery of Construction\nHow did ancient Egyptians move blocks weighing up to 80 tonnes?\n\n## Hidden Chambers\nModern technology continues to reveal secrets, including a large void discovered in 2017.\n\n## Precision Engineering\n- Aligned to true north with only 0.05% error\n- Base is level to within 2.1 centimeters\n\nThe Great Pyramid remains one of humanity's greatest achievements.	blog/posts/the-mysteries-of-the-great-pyramid_featured.jpg		Dr. Sarah Mitchell	2847	12	t	t	\N	7						
10	2025-12-07 09:28:17.20174-08	2025-12-07 09:36:17.308436-08	diving-the-red-sea-a-complete-guide	t	2025-12-05 09:28:17.198943-08				Diving the Red Sea: A Complete Guide	The Red Sea offers world-class diving for all levels.	The Red Sea is ranked among the world's top diving destinations.\n\n## Why the Red Sea?\n- Visibility often exceeds 30 meters\n- Water temperature 21-28C year-round\n- Over 1,200 fish species\n\n## Best Diving Spots\n\n### Sharm El Sheikh\n- Ras Mohammed National Park\n- Tiran Island reefs\n- SS Thistlegorm wreck\n\n### Hurghada\n- Giftun Islands\n- Abu Ramada\n- El Fanadir\n\n## What You'll See\n- Colorful coral gardens\n- Tropical fish\n- Sea turtles\n- Dolphins\n- Reef sharks\n\n## Getting Certified\nPADI Open Water courses available (3-4 days).\n\nThe underwater world here is truly magical!	blog/posts/diving-the-red-sea-a-complete-guide_featured.jpg		Klaus Werner	1654	12	f	t	\N	3						
9	2025-12-07 09:28:17.191019-08	2025-12-07 09:36:22.651657-08	complete-guide-to-visiting-luxor	t	2025-11-06 09:28:17.188475-08				Complete Guide to Visiting Luxor	Everything you need to know about exploring ancient Thebes.	Luxor contains more monuments than anywhere else in Egypt.\n\n## East Bank Highlights\n\n### Karnak Temple\nThe largest religious building ever constructed. Allow 3 hours.\n\n### Luxor Temple\nBeautiful when illuminated at night.\n\n## West Bank Highlights\n\n### Valley of the Kings\n63 royal tombs. Standard ticket includes 3 tombs.\n\n### Temple of Hatshepsut\nDramatic cliff-side mortuary temple.\n\n### Colossi of Memnon\nMassive statues of Amenhotep III.\n\n## Getting Around\n- Ferry across the Nile\n- Taxi or private driver\n- Bicycle on the West Bank\n\n## Best Time to Visit\nOctober to April for comfortable temperatures.\n\nLuxor is truly extraordinary!	blog/posts/complete-guide-to-visiting-luxor_featured.jpg		Mohamed Ibrahim	3241	15	t	t	\N	3						
8	2025-12-07 09:28:17.180454-08	2025-12-07 09:36:23.04541-08	a-food-lovers-guide-to-egyptian-cuisine	t	2025-10-18 10:28:17.177928-07				A Food Lover's Guide to Egyptian Cuisine	Discover the delicious flavors of Egyptian cuisine.	Egyptian cuisine is a delicious blend of Mediterranean and Middle Eastern influences.\n\n## Must-Try Dishes\n\n### Koshari\nEgypt's national dish - rice, lentils, macaroni, chickpeas, and crispy onions.\n\n### Ful Medames\nSlow-cooked fava beans - the traditional Egyptian breakfast.\n\n### Ta'meya\nEgyptian falafel made with fava beans.\n\n### Molokhia\nGreen soup made from jute leaves.\n\n## Sweet Treats\n\n### Konafa\nShredded phyllo with cream or nuts in sweet syrup.\n\n### Om Ali\nEgyptian bread pudding with nuts and milk.\n\n## Drinks\n- Sahlab (warm, creamy drink)\n- Karkade (hibiscus tea)\n- Fresh sugarcane juice\n\nEgyptian cuisine offers something for everyone!	blog/posts/a-food-lovers-guide-to-egyptian-cuisine_featured.jpg		Fatma Abdullah	1876	10	f	t	\N	8						
1	2025-12-06 14:26:11.557077-08	2025-12-07 09:36:16.761325-08	the-ultimate-guide-to-visiting-the-pyramids-of-giza	t	\N				The Ultimate Guide to Visiting the Pyramids of Giza	Discover everything you need to know before visiting one of the Seven Wonders of the Ancient World.	The Pyramids of Giza are undoubtedly Egypt's most iconic attraction. Built over 4,500 years ago, these magnificent structures continue to inspire awe in visitors from around the world.\n\n## Best Time to Visit\nThe ideal time to visit the Pyramids is early morning, right when the site opens at 8 AM. This allows you to beat the crowds and the heat, especially during summer months.\n\n## What to Expect\nThe Giza Plateau is home to three main pyramids: the Great Pyramid of Khufu (the largest), the Pyramid of Khafre, and the Pyramid of Menkaure. You'll also find the iconic Sphinx and several smaller queens' pyramids.\n\n## Tips for Your Visit\n1. Wear comfortable walking shoes\n2. Bring plenty of water\n3. Apply sunscreen liberally\n4. Consider hiring an official guide\n5. Be prepared for persistent vendors\n\n## Entrance Fees\nGeneral admission to the plateau is affordable, but entering the pyramids costs extra. The Great Pyramid interior visit is limited to 300 visitors per day.	blog/posts/the-ultimate-guide-to-visiting-the-pyramids-of-giza_featured.jpg		Ahmed Hassan	2	8	t	t	\N	3						
5	2025-12-06 14:26:11.581074-08	2025-12-07 09:36:13.873217-08	best-time-to-visit-egypt-a-month-by-month-guide	t	\N				Best Time to Visit Egypt: A Month-by-Month Guide	Planning your trip? Learn about weather, crowds, and events throughout the year.	Egypt is a year-round destination, but the best time to visit depends on your priorities and travel plans.\n\n## Peak Season (October - April)\nThis is the most popular time to visit Egypt:\n- Pleasant temperatures (20-25C)\n- Ideal for sightseeing\n- Higher prices and crowds\n- Best for Nile cruises\n\n## Shoulder Season (May, September)\nA good balance of weather and crowds:\n- Warmer but manageable\n- Fewer tourists\n- Better hotel deals\n- Great for beach destinations\n\n## Summer (June - August)\nHot but viable:\n- Temperatures can exceed 40C\n- Perfect for Red Sea beach holidays\n- Lowest prices for cultural tours\n- Indoor attractions recommended during midday\n\n## Monthly Highlights\n- **January-February**: Perfect weather, Luxor Temple Sound & Light Show\n- **March-April**: Spring flowers, comfortable temperatures\n- **October-November**: Ideal overall conditions\n- **December**: Festive season, New Year celebrations	blog/posts/best-time-to-visit-egypt-a-month-by-month-guide_featured.jpg		Ahmed Hassan	8	5	f	t	\N	2						
3	2025-12-06 14:26:11.572075-08	2025-12-07 09:36:15.74659-08	egyptian-food-you-must-try	t	\N				Egyptian Food You Must Try	From koshari to molokhia, explore the rich culinary heritage of Egypt.	Egyptian cuisine is a delicious blend of Mediterranean, Middle Eastern, and African influences. Here are the must-try dishes during your visit.\n\n## Street Food Favorites\n- **Koshari**: Egypt's national dish - a hearty mix of rice, pasta, lentils, and crispy onions topped with spicy tomato sauce\n- **Ful Medames**: Slow-cooked fava beans, perfect for breakfast\n- **Ta'meya**: Egyptian falafel made with fava beans instead of chickpeas\n- **Shawarma**: Seasoned meat wrapped in fresh bread\n\n## Traditional Dishes\n- **Molokhia**: A green soup made from jute leaves, served with rice\n- **Mahshi**: Stuffed vegetables with rice and herbs\n- **Fattah**: Layered dish with rice, bread, and meat, popular during celebrations\n\n## Desserts\n- **Om Ali**: Egyptian bread pudding with nuts and cream\n- **Basbousa**: Semolina cake soaked in syrup\n- **Konafa**: Shredded pastry with sweet cheese filling\n\n## Where to Eat\nFor authentic experiences, try local restaurants in Cairo's old quarters or ask your guide for recommendations.	blog/posts/egyptian-food-you-must-try_featured.jpg		Nadia Farouk	4	5	f	t	\N	6						
4	2025-12-06 14:26:11.576073-08	2025-12-07 09:36:14.709315-08	diving-in-the-red-sea-a-beginners-complete-guide	t	\N				Diving in the Red Sea: A Beginner's Complete Guide	The Red Sea offers some of the world's best diving spots. Here's everything beginners need to know.	The Red Sea is consistently ranked among the world's top diving destinations, and for good reason. Crystal-clear waters, vibrant coral reefs, and diverse marine life make it a paradise for divers.\n\n## Best Diving Spots\n- **Ras Mohammed National Park**: World-famous for its shark reef and coral gardens\n- **Tiran Island**: Home to four spectacular coral reefs\n- **SS Thistlegorm**: One of the world's best wreck dives\n- **Blue Hole, Dahab**: A challenging but rewarding site\n\n## Getting Certified\nSharm El Sheikh and Hurghada have numerous PADI-certified dive centers offering:\n- Discover Scuba Diving (try dive)\n- Open Water Diver course\n- Advanced certifications\n\n## Marine Life\nExpect to see:\n- Colorful reef fish\n- Sea turtles\n- Moray eels\n- Rays and sharks\n- Dolphins\n\n## Best Time to Dive\nThe Red Sea offers year-round diving, but visibility is best from March to May and September to November.	blog/posts/diving-in-the-red-sea-a-beginners-complete-guide_featured.jpg		Omar Khalil	2	7	f	t	\N	5						
\.


--
-- Data for Name: blog_post_related_destinations; Type: TABLE DATA; Schema: public; Owner: -
--

COPY public.blog_post_related_destinations (id, post_id, destination_id) FROM stdin;
\.


--
-- Data for Name: blog_post_related_tours; Type: TABLE DATA; Schema: public; Owner: -
--

COPY public.blog_post_related_tours (id, post_id, tour_id) FROM stdin;
\.


--
-- Data for Name: blog_post_tags; Type: TABLE DATA; Schema: public; Owner: -
--

COPY public.blog_post_tags (id, post_id, tag_id) FROM stdin;
1	6	1
2	6	10
3	6	3
4	6	7
5	7	8
6	7	1
7	7	6
8	7	7
9	8	4
10	8	12
11	8	5
12	8	7
13	9	1
14	9	2
15	9	12
16	9	4
17	10	8
18	10	9
19	10	12
20	10	6
\.


--
-- Data for Name: blog_tag; Type: TABLE DATA; Schema: public; Owner: -
--

COPY public.blog_tag (id, created_at, updated_at, slug, name) FROM stdin;
1	2025-12-06 14:26:11.514074-08	2025-12-06 14:26:11.514074-08	egypt	Egypt
8	2025-12-06 14:26:11.542088-08	2025-12-06 14:26:11.542088-08	beach	Beach
2	2025-12-06 14:26:11.520073-08	2025-12-07 09:28:17.10668-08	pyramids	Pyramids
5	2025-12-06 14:26:11.53109-08	2025-12-07 09:28:17.109704-08	luxor	Luxor
4	2025-12-06 14:26:11.527088-08	2025-12-07 09:28:17.113694-08	cairo	Cairo
3	2025-12-06 14:26:11.524077-08	2025-12-07 09:28:17.117216-08	nile	Nile
6	2025-12-06 14:26:11.53507-08	2025-12-07 09:28:17.120215-08	diving	Diving
7	2025-12-06 14:26:11.539078-08	2025-12-07 09:28:17.123221-08	desert	Desert
10	2025-12-06 14:26:11.550075-08	2025-12-07 09:28:17.126748-08	food	Food
11	2025-12-07 09:28:17.130754-08	2025-12-07 09:28:17.130754-08	culture	Culture
9	2025-12-06 14:26:11.546071-08	2025-12-07 09:28:17.133753-08	history	History
12	2025-12-07 09:28:17.13816-08	2025-12-07 09:28:17.13816-08	tips	Tips
\.


--
-- Data for Name: contact_faq; Type: TABLE DATA; Schema: public; Owner: -
--

COPY public.contact_faq (id, created_at, updated_at, question, answer, category, is_active, sort_order, answer_es, answer_pt, question_es, question_pt) FROM stdin;
8	2025-12-06 14:26:11.671079-08	2025-12-06 14:26:11.671079-08	Are your tours suitable for children?	Yes! Many of our tours are family-friendly. We can customize itineraries to include activities suitable for children and accommodate family needs. Please let us know the ages of children when booking.	tours	t	1				
3	2025-12-06 14:26:11.658078-08	2025-12-07 09:28:17.259825-08	How do I book a tour?	You can book directly through our website or contact us via email or phone.	booking	t	0				
4	2025-12-06 14:26:11.661074-08	2025-12-07 09:28:17.262835-08	What payment methods do you accept?	We accept Visa, MasterCard, American Express, PayPal, and bank transfers.	booking	t	1				
7	2025-12-06 14:26:11.668076-08	2025-12-07 09:28:17.26699-08	What is your cancellation policy?	Free cancellation up to 30 days before departure. 50% refund 15-29 days. No refund within 14 days.	booking	t	2				
2	2025-12-06 14:26:11.656077-08	2025-12-07 09:28:17.269975-08	Do I need a visa to visit Egypt?	Most nationalities can obtain a visa on arrival ($25 USD) or apply for an e-visa online.	travel	t	3				
6	2025-12-06 14:26:11.666087-08	2025-12-07 09:28:17.272973-08	What should I pack for Egypt?	Comfortable, modest clothing, sun protection, and comfortable walking shoes.	travel	t	4				
5	2025-12-06 14:26:11.663078-08	2025-12-07 09:28:17.275484-08	Is Egypt safe for tourists?	Egypt is generally very safe for tourists. Tourist areas are well-policed.	travel	t	5				
9	2025-12-07 09:28:17.279514-08	2025-12-07 09:28:17.279514-08	What is included in tour prices?	Accommodations, transportation, entrance fees, guides, and meals as specified.	tours	t	6				
10	2025-12-07 09:28:17.28216-08	2025-12-07 09:28:17.28216-08	Can tours be customized?	Absolutely! We specialize in tailor-made tours. Contact us with your preferences.	tours	t	7				
11	2025-12-07 09:28:17.286215-08	2025-12-07 09:28:17.286215-08	What languages do your guides speak?	English, Spanish, German, French, Italian, Arabic, and Chinese.	tours	t	8				
1	2025-12-06 14:26:11.653076-08	2025-12-07 09:28:17.289229-08	What is the best time to visit Egypt?	October to April for comfortable sightseeing weather.	general	t	9				
\.


--
-- Data for Name: contact_inquiry; Type: TABLE DATA; Schema: public; Owner: -
--

COPY public.contact_inquiry (id, created_at, updated_at, name, email, phone, country, inquiry_type, subject, message, travel_date, travelers, budget, status, internal_notes, source, utm_source, utm_medium, utm_campaign, assigned_to_id, tour_id) FROM stdin;
\.


--
-- Data for Name: contact_inquiryresponse; Type: TABLE DATA; Schema: public; Owner: -
--

COPY public.contact_inquiryresponse (id, created_at, updated_at, message, is_internal, inquiry_id, responder_id) FROM stdin;
\.


--
-- Data for Name: contact_newsletter; Type: TABLE DATA; Schema: public; Owner: -
--

COPY public.contact_newsletter (id, created_at, updated_at, email, name, is_active, subscribed_at, unsubscribed_at, interests, source) FROM stdin;
\.


--
-- Data for Name: contact_office; Type: TABLE DATA; Schema: public; Owner: -
--

COPY public.contact_office (id, created_at, updated_at, name, city, address, phone, email, whatsapp, latitude, longitude, working_hours, is_headquarters, is_active, sort_order) FROM stdin;
1	2025-12-06 14:26:11.675083-08	2025-12-06 14:26:11.675083-08	Girasol Tours Headquarters	Giza	Panorama Pyramids Tower, Al Haram, Giza, Egypt	+20 2 3771 5511	info@girasoltours.com	+20 100 123 4567	29.977300	31.132500	Sun-Thu: 9AM-6PM, Fri-Sat: 10AM-4PM	t	t	1
2	2025-12-06 14:26:11.679079-08	2025-12-06 14:26:11.679079-08	Luxor Office	Luxor	Corniche El Nile, Luxor City Center	+20 95 237 0123	luxor@girasoltours.com	+20 100 234 5678	25.698900	32.642100	Daily: 8AM-8PM	f	t	2
3	2025-12-06 14:26:11.681081-08	2025-12-06 14:26:11.681081-08	Aswan Office	Aswan	Corniche Road, Downtown Aswan	+20 97 231 5678	aswan@girasoltours.com	+20 100 345 6789	24.090800	32.899400	Daily: 8AM-8PM	f	t	3
4	2025-12-06 14:26:11.683085-08	2025-12-06 14:26:11.683085-08	Sharm El Sheikh Office	Sharm El Sheikh	Naama Bay, Sharm El Sheikh	+20 69 360 1234	sharm@girasoltours.com	+20 100 456 7890	27.915800	34.330000	Daily: 9AM-9PM	f	t	4
5	2025-12-07 09:28:17.294469-08	2025-12-07 09:28:17.294469-08	Girasol Egypt Headquarters	Cairo	Panorama Pyramids Tower, Al Haram, Giza, Egypt	+20 2 3771 5511	info@girasolegypt.com	+20 100 123 4567	29.977300	31.132500	Sun-Thu: 9AM-6PM, Fri-Sat: 10AM-4PM	t	t	0
\.


--
-- Data for Name: destinations_activity; Type: TABLE DATA; Schema: public; Owner: -
--

COPY public.destinations_activity (id, created_at, updated_at, sort_order, name, description, image, price_from, price_to, duration, destination_id) FROM stdin;
1	2025-12-06 14:13:39.280409-08	2025-12-06 14:13:39.280409-08	0	Pyramids Sound & Light Show	Spectacular evening show at the Pyramids		35.00	\N	2 hours	1
2	2025-12-06 14:13:39.284931-08	2025-12-06 14:13:39.284931-08	0	Felucca Ride on the Nile	Traditional sailboat cruise at sunset		25.00	\N	1.5 hours	1
5	2025-12-06 14:13:39.295468-08	2025-12-06 14:13:39.295468-08	0	Desert Safari	Quad biking and Bedouin dinner in the desert		65.00	\N	5 hours	4
6	2025-12-07 09:28:16.088215-08	2025-12-07 09:28:16.088215-08	0	Pyramid Tour	Guided tour of the Giza Pyramids and Sphinx with expert Egyptologist.		45.00	120.00	4-5 hours	1
7	2025-12-07 09:28:16.092614-08	2025-12-07 09:28:16.092614-08	0	Egyptian Museum Visit	Explore 5,000 years of Egyptian history including Tutankhamun's treasures.		30.00	80.00	3-4 hours	1
8	2025-12-07 09:28:16.095621-08	2025-12-07 09:28:16.095621-08	0	Nile Dinner Cruise	Evening cruise with dinner, belly dancing, and traditional music.		50.00	100.00	3 hours	1
9	2025-12-07 09:28:16.099626-08	2025-12-07 09:28:16.099626-08	0	Khan el-Khalili Shopping	Guided tour of Cairo's famous medieval bazaar.		25.00	50.00	2-3 hours	1
10	2025-12-07 09:28:16.103163-08	2025-12-07 09:28:16.103163-08	0	Islamic Cairo Walking Tour	Explore medieval mosques, madrasas, and historic streets.		35.00	70.00	3-4 hours	1
11	2025-12-07 09:28:16.110186-08	2025-12-07 09:28:16.110186-08	0	Valley of the Kings	Visit the royal tombs including option for Tutankhamun's tomb.		40.00	100.00	3-4 hours	2
3	2025-12-06 14:13:39.287939-08	2025-12-07 09:28:16.113719-08	0	Hot Air Balloon Ride	Sunrise balloon flight over the West Bank temples and tombs.		80.00	150.00	1 hour flight	2
12	2025-12-07 09:28:16.11772-08	2025-12-07 09:28:16.11772-08	0	Karnak Temple Tour	Comprehensive tour of the largest ancient religious complex.		35.00	75.00	2-3 hours	2
13	2025-12-07 09:28:16.121718-08	2025-12-07 09:28:16.121718-08	0	Felucca Sunset Sail	Traditional sailing boat trip on the Nile at sunset.		20.00	40.00	1-2 hours	2
14	2025-12-07 09:28:16.128918-08	2025-12-07 09:28:16.128918-08	0	Abu Simbel Excursion	Day trip to Ramesses II's magnificent rock temples.		80.00	180.00	Full day	3
15	2025-12-07 09:28:16.133911-08	2025-12-07 09:28:16.133911-08	0	Philae Temple Visit	Boat ride to the island temple of the goddess Isis.		35.00	70.00	2-3 hours	3
16	2025-12-07 09:28:16.137945-08	2025-12-07 09:28:16.137945-08	0	Nubian Village Visit	Experience Nubian culture, food, and hospitality.		30.00	60.00	3-4 hours	3
17	2025-12-07 09:28:16.141966-08	2025-12-07 09:28:16.141966-08	0	Felucca to Elephantine	Sail to Elephantine Island and the Botanical Gardens.		25.00	50.00	2-3 hours	3
18	2025-12-07 09:28:16.149514-08	2025-12-07 09:28:16.149514-08	0	Bibliotheca Tour	Guided tour of the modern Library of Alexandria.		20.00	45.00	2 hours	5
19	2025-12-07 09:28:16.153545-08	2025-12-07 09:28:16.153545-08	0	Catacombs Exploration	Descend into the mysterious Roman-era burial chambers.		25.00	50.00	1-2 hours	5
20	2025-12-07 09:28:16.159421-08	2025-12-07 09:28:16.159421-08	0	Seafood Dining Experience	Guided food tour of Alexandria's best seafood restaurants.		40.00	80.00	3 hours	5
21	2025-12-07 09:28:16.16767-08	2025-12-07 09:28:16.16767-08	0	Scuba Diving	Discover world-class reefs with certified instructors.		50.00	120.00	Half day	4
4	2025-12-06 14:13:39.291475-08	2025-12-07 09:28:16.173144-08	0	Snorkeling Trip	Visit multiple snorkeling spots including Ras Mohammed.		35.00	70.00	Full day	4
22	2025-12-07 09:28:16.17666-08	2025-12-07 09:28:16.17666-08	0	Mount Sinai Sunrise	Night trek to summit for spectacular sunrise views.		60.00	100.00	Overnight	4
23	2025-12-07 09:28:16.180374-08	2025-12-07 09:28:16.180374-08	0	Quad Bike Safari	Desert adventure on quad bikes with Bedouin tea.		40.00	80.00	3-4 hours	4
24	2025-12-07 09:28:16.189926-08	2025-12-07 09:28:16.189926-08	0	Giftun Island Trip	Full day at pristine beaches with snorkeling.		35.00	70.00	Full day	6
25	2025-12-07 09:28:16.193928-08	2025-12-07 09:28:16.193928-08	0	Dolphin Watching	Boat trip to spot dolphins in their natural habitat.		45.00	90.00	Half day	6
26	2025-12-07 09:28:16.198037-08	2025-12-07 09:28:16.198037-08	0	Desert Safari	Jeep safari with Bedouin dinner under the stars.		50.00	100.00	Half day	6
27	2025-12-07 09:28:16.201307-08	2025-12-07 09:28:16.201307-08	0	Luxor Day Trip	Visit Valley of the Kings and Karnak from Hurghada.		80.00	150.00	Full day	6
\.


--
-- Data for Name: destinations_destination; Type: TABLE DATA; Schema: public; Owner: -
--

COPY public.destinations_destination (id, created_at, updated_at, slug, meta_title, meta_description, meta_keywords, sort_order, name, tagline, description, featured_image, banner_image, video_url, country, region, latitude, longitude, best_time_to_visit, getting_there, climate_info, is_featured, is_active, description_es, description_pt, name_es, name_pt, tagline_es, tagline_pt) FROM stdin;
6	2025-12-07 09:28:16.185404-08	2025-12-12 12:09:13.255756-08	hurghada				0	Hurghada	Red Sea Adventure Hub	Hurghada stretches along 40 kilometers of Red Sea coastline, transformed from a fishing village into a popular beach destination. Perfect combination of beach relaxation, water sports, and easy access to ancient sites.\n\nGiftun Islands National Park offers pristine beaches and vibrant reefs. The location makes it excellent for visiting Luxor on day trips. Desert safaris and dolphin watching are popular activities.\n\nWith consistent sunshine and warm waters, Hurghada appeals to families, couples, and adventure enthusiasts.	destinations/hurghada_featured.jpg	destinations/banners/hurghada_banner.jpg		Egypt	Red Sea	27.257900	33.811600	Year-round. Spring and autumn are ideal. Summers hot but excellent for water activities.	Hurghada International Airport has connections to major European cities and Cairo.	Hot desert climate with abundant sunshine. Summer 35-40C, winters mild 18-25C.	t	t						
3	2025-12-06 14:13:39.161186-08	2025-12-07 09:35:32.850571-08	aswan				3	Aswan	Gateway to Nubia and Ancient Wonders	Aswan, Egypt's sunniest southern city, offers a more relaxed pace and stunning natural beauty. Set along the most picturesque stretch of the Nile, Aswan has been a frontier town since ancient times.\n\nThe city serves as the gateway to Nubian culture, with colorful villages and warm hospitality. Key attractions include the majestic Philae Temple dedicated to Isis, the Aswan High Dam, and the ancient granite quarries with the Unfinished Obelisk.\n\nA short flight away lies Abu Simbel, where Ramesses II's colossal temples were relocated in a remarkable UNESCO rescue operation.	destinations/aswan_featured.jpg	destinations/banners/aswan_banner.jpg		Egypt	Upper Egypt	24.088900	32.899800	November to March offers the best weather for visiting.	Aswan International Airport has domestic flights from Cairo. Popular endpoint for Nile cruises.	Aswan has one of the driest climates in the world. Summer temperatures reach 40-45C, winters are warm (20-25C).	t	t						
4	2025-12-06 14:13:39.164466-08	2025-12-07 09:35:40.788283-08	sharm-el-sheikh				4	Sharm El Sheikh	Red Sea Riviera Paradise	Sharm El Sheikh, at the southern tip of the Sinai Peninsula, is Egypt's premier beach resort destination. Known for world-class diving, stunning beaches, and year-round sunshine.\n\nThe Red Sea's crystal-clear waters offer incredible diving and snorkeling at Ras Mohammed National Park. Beyond beaches, visitors can explore the Sinai desert, climb Mount Sinai, or visit St. Catherine's Monastery.\n\nNaama Bay is the vibrant heart of the resort with restaurants, shops, and nightlife.	destinations/sharm-el-sheikh_featured.jpg	destinations/banners/sharm-el-sheikh_banner.jpg		Egypt	South Sinai	27.915800	34.330000	Year-round destination. October to May offers perfect weather.	Sharm El Sheikh International Airport receives flights from major European cities and Cairo.	Hot desert climate moderated by sea breezes. Summer 35-40C, winters mild 20-25C.	t	t						
2	2025-12-06 14:13:39.156173-08	2025-12-07 09:35:28.692778-08	luxor				2	Luxor	The World's Greatest Open-Air Museum	Luxor, ancient Thebes, stands as one of the world's most remarkable archaeological sites. This city on the banks of the Nile was the glorious capital of Egypt during the New Kingdom.\n\nThe East Bank houses the magnificent Karnak Temple Complex, the largest religious building ever constructed, and the elegant Luxor Temple. The West Bank reveals the Valley of the Kings with 63 royal tombs, including Tutankhamun's famous tomb.\n\nThe Temple of Hatshepsut rises dramatically against limestone cliffs, while the Colossi of Memnon stand guard over the Theban necropolis. Luxor offers an intimate glimpse into the lives of pharaohs who lived over 3,000 years ago.	destinations/luxor_featured.jpg	destinations/banners/luxor_banner.jpg		Egypt	Upper Egypt	25.687200	32.639600	October to April is ideal. Winter months offer comfortable temperatures for exploring outdoor sites.	Luxor International Airport receives domestic and some international flights. Many visitors arrive by Nile cruise.	Luxor has an extremely hot desert climate. Summers are scorching (40-45C), while winters are warm (15-25C).	t	t						
5	2025-12-06 14:13:39.169467-08	2025-12-07 09:35:39.154711-08	alexandria				5	Alexandria	The Pearl of the Mediterranean	Alexandria, founded by Alexander the Great in 331 BC, was once the intellectual capital of the ancient world. Today, Egypt's second-largest city retains its cosmopolitan character and Mediterranean charm.\n\nThe stunning Bibliotheca Alexandrina has revived the city's scholarly tradition. The Catacombs of Kom el-Shoqafa and the Citadel of Qaitbay offer glimpses into different historical periods.\n\nAlexandria's corniche stretches for miles along the seafront, and the city is famous for its fresh seafood and nostalgic European atmosphere.	destinations/alexandria_featured.jpg	destinations/banners/alexandria_banner.jpg		Egypt	Mediterranean Coast	31.200100	29.918700	May to October for beach weather, though the city is pleasant year-round.	Borg El Arab International Airport serves Alexandria. Easy access from Cairo by train (2.5 hours).	Mediterranean climate with mild, wet winters and hot, humid summers (25-30C).	t	t						
1	2025-12-06 14:13:39.150184-08	2025-12-11 09:57:22.305324-08	cairo				1	Cairo	The City of a Thousand Minarets	Cairo, the sprawling capital of Egypt, is a vibrant metropolis where ancient history meets modern life. Home to the iconic Pyramids of Giza and the Sphinx, Cairo offers visitors an unparalleled journey through time.\r\n\r\nThe city pulses with energy from its bustling bazaars, magnificent mosques, and world-class museums. The Egyptian Museum houses the world's most extensive collection of Pharaonic antiquities, including the treasures of Tutankhamun.\r\n\r\nFrom the medieval Islamic architecture of Old Cairo to the modern skyscrapers along the Nile, Cairo presents a fascinating tapestry of cultures and eras. The Khan el-Khalili bazaar offers an authentic shopping experience, while the Nile corniche provides stunning sunset views.\r\n\r\nWhether you're exploring ancient tombs, savoring traditional Egyptian cuisine, or experiencing the legendary Egyptian hospitality, Cairo promises an unforgettable adventure.	destinations/cairo_featured.jpg	destinations/banners/cairo_banner.jpg		Egypt	Greater Cairo	30.044400	31.235700	October to April offers the most pleasant weather. Winters are mild and perfect for sightseeing.	Cairo International Airport (CAI) is the main gateway, served by major international airlines.	Cairo has a hot desert climate. Summers are hot and dry (35-40C), while winters are mild (10-20C).	t	t						
\.


--
-- Data for Name: destinations_destinationimage; Type: TABLE DATA; Schema: public; Owner: -
--

COPY public.destinations_destinationimage (id, created_at, updated_at, sort_order, image, caption, alt_text, destination_id) FROM stdin;
1	2025-12-07 09:35:25.342688-08	2025-12-07 09:35:25.342688-08	1	destinations/gallery/cairo_gallery_1.jpg	Cairo - View 1	Cairo tourist attraction	1
2	2025-12-07 09:35:26.654433-08	2025-12-07 09:35:26.654433-08	3	destinations/gallery/cairo_gallery_3.jpg	Cairo - View 3	Cairo tourist attraction	1
3	2025-12-07 09:35:29.228208-08	2025-12-07 09:35:29.228208-08	1	destinations/gallery/luxor_gallery_1.jpg	Luxor - View 1	Luxor tourist attraction	2
4	2025-12-07 09:35:29.694951-08	2025-12-07 09:35:29.694951-08	2	destinations/gallery/luxor_gallery_2.jpg	Luxor - View 2	Luxor tourist attraction	2
5	2025-12-07 09:35:31.428114-08	2025-12-07 09:35:31.428114-08	3	destinations/gallery/luxor_gallery_3.jpg	Luxor - View 3	Luxor tourist attraction	2
6	2025-12-07 09:35:35.457664-08	2025-12-07 09:35:35.457664-08	1	destinations/gallery/aswan_gallery_1.jpg	Aswan - View 1	Aswan tourist attraction	3
7	2025-12-07 09:35:39.769835-08	2025-12-07 09:35:39.769835-08	1	destinations/gallery/alexandria_gallery_1.jpg	Alexandria - View 1	Alexandria tourist attraction	5
8	2025-12-07 09:35:41.137571-08	2025-12-07 09:35:41.137571-08	1	destinations/gallery/sharm-el-sheikh_gallery_1.jpg	Sharm El Sheikh - View 1	Sharm El Sheikh tourist attraction	4
9	2025-12-07 09:35:41.54418-08	2025-12-07 09:35:41.54418-08	2	destinations/gallery/sharm-el-sheikh_gallery_2.jpg	Sharm El Sheikh - View 2	Sharm El Sheikh tourist attraction	4
10	2025-12-07 09:35:41.977115-08	2025-12-07 09:35:41.977115-08	3	destinations/gallery/sharm-el-sheikh_gallery_3.jpg	Sharm El Sheikh - View 3	Sharm El Sheikh tourist attraction	4
11	2025-12-07 09:35:43.691653-08	2025-12-07 09:35:43.691653-08	1	destinations/gallery/hurghada_gallery_1.jpg	Hurghada - View 1	Hurghada tourist attraction	6
12	2025-12-07 09:35:44.15131-08	2025-12-07 09:35:44.15131-08	2	destinations/gallery/hurghada_gallery_2.jpg	Hurghada - View 2	Hurghada tourist attraction	6
\.


--
-- Data for Name: django_admin_log; Type: TABLE DATA; Schema: public; Owner: -
--

COPY public.django_admin_log (id, action_time, object_id, object_repr, action_flag, change_message, content_type_id, user_id) FROM stdin;
1	2025-12-06 13:59:43.339927-08	1	Cleaning service	1	[{"added": {}}]	21	2
2	2025-12-06 14:01:53.986716-08	1	Cleaning service	1	[{"added": {}}]	38	2
3	2025-12-06 14:05:57.458503-08	1	Cleaning service	3		38	2
4	2025-12-07 06:19:03.293756-08	1	Cleaning service	3		21	3
5	2025-12-11 09:45:12.542605-08	11	Complete Egypt Grand Tour	2	[{"changed": {"fields": ["Description", "Max group size"]}}]	20	2
6	2025-12-11 09:46:10.902813-08	11	Complete Egypt Grand Tour	2	[{"changed": {"fields": ["Languages"]}}]	20	2
7	2025-12-11 09:52:27.535729-08	7	Pyramids & Ancient Egypt Explorer	2	[{"changed": {"fields": ["Description"]}}]	20	2
8	2025-12-11 09:52:45.813619-08	7	Pyramids & Ancient Egypt Explorer	2	[]	20	2
9	2025-12-11 09:53:02.787693-08	7	Pyramids & Ancient Egypt Explorer	2	[]	20	2
10	2025-12-11 09:56:49.630672-08	1	Cairo	2	[{"changed": {"fields": ["Slug", "Description"]}}]	29	2
11	2025-12-11 09:57:22.309324-08	1	Cairo	2	[{"changed": {"fields": ["Slug"]}}]	29	2
12	2025-12-11 16:24:47.542402-08	11	Complete Egypt Grand Tour	2	[{"changed": {"fields": ["Tour type"]}}]	20	2
13	2025-12-11 16:27:51.848403-08	15	Egypt Family Adventure	2	[{"changed": {"fields": ["Description", "Tour type"]}}]	20	2
14	2025-12-11 16:28:10.888905-08	10	Red Sea Diving Adventure	2	[{"changed": {"fields": ["Description", "Tour type"]}}]	20	2
15	2025-12-11 16:28:25.896561-08	9	Cairo & Alexandria Discovery	2	[{"changed": {"fields": ["Description", "Tour type"]}}]	20	2
16	2025-12-11 16:28:42.669145-08	7	Pyramids & Ancient Egypt Explorer	2	[{"changed": {"fields": ["Tour type"]}}]	20	2
17	2025-12-11 16:29:06.272953-08	5	Sharm Beach Retreat	2	[{"changed": {"fields": ["Description", "Tour type"]}}]	20	2
18	2025-12-11 16:29:27.805192-08	3	Red Sea Diving Experience	2	[{"changed": {"fields": ["Description", "Tour type"]}}]	20	2
19	2025-12-11 16:29:46.210262-08	1	Classic Egypt Tour	2	[{"changed": {"fields": ["Description", "Tour type"]}}]	20	2
20	2025-12-11 16:34:07.507419-08	13	Luxor West Bank Day Tour	2	[{"changed": {"fields": ["Description", "Is featured"]}}]	20	2
21	2025-12-11 16:34:38.571901-08	4	Cairo Day Tour	2	[{"changed": {"fields": ["Is published"]}}]	20	2
22	2025-12-11 16:35:18.977518-08	4	Cairo Day Tour	2	[{"changed": {"fields": ["Is published"]}}]	20	2
23	2025-12-11 16:35:27.961913-08	15	Egypt Family Adventure	2	[]	20	2
24	2025-12-11 16:35:43.257829-08	13	Luxor West Bank Day Tour	2	[]	20	2
25	2025-12-11 16:38:30.886743-08	4	Cairo Day Tour	2	[{"changed": {"fields": ["Is published"]}}]	20	2
26	2025-12-11 16:46:16.870037-08	11	Complete Egypt Grand Tour	2	[{"changed": {"fields": ["Is featured"]}}]	20	2
27	2025-12-11 16:46:55.193218-08	14	Abu Simbel Day Trip from Aswan	2	[{"changed": {"fields": ["Is featured"]}}]	20	2
28	2025-12-11 16:46:55.19621-08	11	Complete Egypt Grand Tour	2	[{"changed": {"fields": ["Is featured"]}}]	20	2
29	2025-12-11 17:01:22.746021-08	15	Egypt Family Adventure	2	[{"changed": {"fields": ["Discount Start Date", "Discount End Date"]}}]	20	2
30	2025-12-11 17:19:28.596004-08	15	Egypt Family Adventure	2	[{"changed": {"fields": ["Discount End Date"]}}]	20	2
31	2025-12-12 12:09:13.268234-08	6	Hurghada	2	[{"changed": {"fields": ["Is featured"]}}]	29	2
\.


--
-- Data for Name: django_content_type; Type: TABLE DATA; Schema: public; Owner: -
--

COPY public.django_content_type (id, app_label, model) FROM stdin;
1	admin	logentry
2	auth	permission
3	auth	group
4	contenttypes	contenttype
5	sessions	session
6	sites	site
7	authtoken	token
8	authtoken	tokenproxy
9	token_blacklist	blacklistedtoken
10	token_blacklist	outstandingtoken
11	account	emailaddress
12	account	emailconfirmation
13	socialaccount	socialaccount
14	socialaccount	socialapp
15	socialaccount	socialtoken
16	users	user
17	users	userprofile
18	users	wishlist
19	tours	tourcategory
20	tours	tour
21	tours	addon
22	tours	tourdeparture
23	tours	tourfaq
24	tours	tourhighlight
25	tours	tourimage
26	tours	tourinclusion
27	tours	touritinerary
28	tours	tourpricing
29	destinations	destination
30	destinations	area
31	destinations	activity
32	destinations	destinationimage
33	bookings	bookingaddon
34	bookings	payment
35	bookings	promocode
36	bookings	traveler
37	bookings	booking
38	blog	category
39	blog	post
40	blog	tag
41	blog	comment
42	reviews	reviewimage
43	reviews	testimonial
44	reviews	review
45	contact	faq
46	contact	inquiry
47	contact	inquiryresponse
48	contact	newsletter
49	contact	office
50	tours	tourtype
\.


--
-- Data for Name: django_migrations; Type: TABLE DATA; Schema: public; Owner: -
--

COPY public.django_migrations (id, app, name, applied) FROM stdin;
1	destinations	0001_initial	2025-12-06 11:47:56.08732-08
2	tours	0001_initial	2025-12-06 11:47:56.298981-08
3	contenttypes	0001_initial	2025-12-06 11:47:56.312026-08
4	contenttypes	0002_remove_content_type_name	2025-12-06 11:47:56.33256-08
5	auth	0001_initial	2025-12-06 11:47:56.369713-08
6	auth	0002_alter_permission_name_max_length	2025-12-06 11:47:56.376215-08
7	auth	0003_alter_user_email_max_length	2025-12-06 11:47:56.380232-08
8	auth	0004_alter_user_username_opts	2025-12-06 11:47:56.385228-08
9	auth	0005_alter_user_last_login_null	2025-12-06 11:47:56.390771-08
10	auth	0006_require_contenttypes_0002	2025-12-06 11:47:56.391773-08
11	auth	0007_alter_validators_add_error_messages	2025-12-06 11:47:56.39577-08
12	auth	0008_alter_user_username_max_length	2025-12-06 11:47:56.401308-08
13	auth	0009_alter_user_last_name_max_length	2025-12-06 11:47:56.405625-08
14	auth	0010_alter_group_name_max_length	2025-12-06 11:47:56.413115-08
15	auth	0011_update_proxy_permissions	2025-12-06 11:47:56.428512-08
16	auth	0012_alter_user_first_name_max_length	2025-12-06 11:47:56.434032-08
17	users	0001_initial	2025-12-06 11:47:56.557503-08
18	account	0001_initial	2025-12-06 11:47:56.639152-08
19	account	0002_email_max_length	2025-12-06 11:47:56.655387-08
20	account	0003_alter_emailaddress_create_unique_verified_email	2025-12-06 11:47:56.679721-08
21	account	0004_alter_emailaddress_drop_unique_email	2025-12-06 11:47:56.704688-08
22	account	0005_emailaddress_idx_upper_email	2025-12-06 11:47:56.717299-08
23	admin	0001_initial	2025-12-06 11:47:56.75673-08
24	admin	0002_logentry_remove_auto_add	2025-12-06 11:47:56.766299-08
25	admin	0003_logentry_add_action_flag_choices	2025-12-06 11:47:56.777874-08
26	authtoken	0001_initial	2025-12-06 11:47:56.808715-08
27	authtoken	0002_auto_20160226_1747	2025-12-06 11:47:56.848659-08
28	authtoken	0003_tokenproxy	2025-12-06 11:47:56.853215-08
29	blog	0001_initial	2025-12-06 11:47:56.899018-08
30	blog	0002_initial	2025-12-06 11:47:57.105689-08
33	contact	0001_initial	2025-12-06 11:47:57.515906-08
34	contact	0002_initial	2025-12-06 11:47:57.645629-08
35	reviews	0001_initial	2025-12-06 11:47:57.711665-08
36	reviews	0002_initial	2025-12-06 11:47:57.831448-08
37	sessions	0001_initial	2025-12-06 11:47:57.843996-08
38	sites	0001_initial	2025-12-06 11:47:57.848517-08
39	sites	0002_alter_domain_unique	2025-12-06 11:47:57.856224-08
40	socialaccount	0001_initial	2025-12-06 11:47:57.990916-08
41	socialaccount	0002_token_max_lengths	2025-12-06 11:47:58.098966-08
42	socialaccount	0003_extra_data_default_dict	2025-12-06 11:47:58.116253-08
43	socialaccount	0004_app_provider_id_settings	2025-12-06 11:47:58.151969-08
44	socialaccount	0005_socialtoken_nullable_app	2025-12-06 11:47:58.203032-08
45	socialaccount	0006_alter_socialaccount_extra_data	2025-12-06 11:47:58.232376-08
46	token_blacklist	0001_initial	2025-12-06 11:47:58.328364-08
47	token_blacklist	0002_outstandingtoken_jti_hex	2025-12-06 11:47:58.347447-08
48	token_blacklist	0003_auto_20171017_2007	2025-12-06 11:47:58.414709-08
49	token_blacklist	0004_auto_20171017_2013	2025-12-06 11:47:58.442249-08
50	token_blacklist	0005_remove_outstandingtoken_jti	2025-12-06 11:47:58.461296-08
51	token_blacklist	0006_auto_20171017_2113	2025-12-06 11:47:58.483419-08
52	token_blacklist	0007_auto_20171017_2214	2025-12-06 11:47:58.543658-08
53	token_blacklist	0008_migrate_to_bigautofield	2025-12-06 11:47:58.614531-08
54	token_blacklist	0010_fix_migrate_to_bigautofield	2025-12-06 11:47:58.658122-08
55	token_blacklist	0011_linearizes_history	2025-12-06 11:47:58.660673-08
56	token_blacklist	0012_alter_outstandingtoken_user	2025-12-06 11:47:58.767897-08
58	account	0006_emailaddress_lower	2025-12-11 12:48:26.836049-08
59	account	0007_emailaddress_idx_email	2025-12-11 12:48:26.919995-08
60	account	0008_emailaddress_unique_primary_email_fixup	2025-12-11 12:48:26.956006-08
61	account	0009_emailaddress_unique_primary_email	2025-12-11 12:48:26.975082-08
62	authtoken	0004_alter_tokenproxy_options	2025-12-11 12:48:26.979563-08
63	blog	0003_remove_category_name_ar_remove_post_content_ar_and_more	2025-12-11 12:48:27.201722-08
64	contact	0003_remove_faq_answer_ar_remove_faq_question_ar_and_more	2025-12-11 12:48:27.217644-08
65	destinations	0002_remove_destination_description_ar_and_more	2025-12-11 12:48:27.294051-08
66	token_blacklist	0013_alter_blacklistedtoken_options_and_more	2025-12-11 12:48:27.312819-08
67	tours	0002_remove_tour_description_ar_remove_tour_name_ar_and_more	2025-12-11 12:48:27.541795-08
68	users	0002_alter_user_preferred_language	2025-12-11 12:48:27.556582-08
70	tours	0003_tourtype_convert_tour_type	2025-12-11 14:55:01.2054-08
71	tours	0004_delete_addon	2025-12-11 14:55:01.213903-08
72	destinations	0003_delete_area	2025-12-11 15:06:52.595891-08
73	tours	0005_add_discount_dates	2025-12-11 16:55:29.718485-08
\.


--
-- Data for Name: django_session; Type: TABLE DATA; Schema: public; Owner: -
--

COPY public.django_session (session_key, session_data, expire_date) FROM stdin;
h0twejw40dz1bfihikcf49ugl2jfsxy4	.eJxlj8FuwzAMQ__F58KQU9eKc-y93xBIjrS4TR0gcXYZ-u9thmLDsCsfSZBfhlKat1L7T1myZhl6uVOeTFe2aTr80G2VxXTGmYPpaavjt9Dn4b_GlG5SdjBcqXzMNs2lLpntbrFvutrLPMh0fnv_FIy0jq80NsIaBMil5DVGiC06aLxvSVkbRgJlr-hVMbgYomIMzHykGCjF1vyO37ul1Jyovv5RNZ3DcILT0SFYAGjRP57ke1fS:1vRyxW:IJqZuYXfc0qH3B2tftAUsdZpRtF3VWWqtpxPHeJD-hs	2025-12-20 12:32:50.003894-08
9qque482ihk4ye1u7970gy7dcuqpuirm	.eJxVjEEOwiAQRe_C2hBAAoxL956BzAAjVQNJaVeNd9cmXej2v_f-JiKuS43rKHOcsrgILU6_G2F6lraD_MB27zL1tswTyV2RBx3y1nN5XQ_376DiqN_am0LsikKdkmUABcFrZawNyMSGPComy94ye6fBAXtwRHRGcJggiPcH8cY4UQ:1vRyxt:-hix-Y9y9VDk21xvb9j1JGdM9Dnr5FObXnwdUDiIEBI	2025-12-20 12:33:13.257971-08
sk4got7nb2yos1h3bw370fdsrf8u9bbo	.eJxVjMEOwiAQBf-FsyFAgQWP3v0GssAiVQNJaU_Gf9cmPej1zcx7sYDbWsM2aAlzZmem2Ol3i5ge1HaQ79hunafe1mWOfFf4QQe_9kzPy-H-HVQc9VuDKb4Y5VB6YW1yVoiijC3RkMioRQKSJntVYppAkwKMetISLUhwWk3s_QHPJjcV:1vRzOE:dtXPcANuMnu7H0r_OxRhBn8CgWOQBhxDXm6FqrtT1k8	2025-12-20 13:00:26.465458-08
7l8jag6dy8czfnukcgyshfnhpl36qcei	.eJxVjMEOwiAQBf-FsyFAgQWP3v0GssAiVQNJaU_Gf9cmPej1zcx7sYDbWsM2aAlzZmem2Ol3i5ge1HaQ79hunafe1mWOfFf4QQe_9kzPy-H-HVQc9VuDKb4Y5VB6YW1yVoiijC3RkMioRQKSJntVYppAkwKMetISLUhwWk3s_QHPJjcV:1vRzwK:EXxxKEuyvVLh2WgchMR7QQe4TN2xTpU1muw2Q1gyu8c	2025-12-20 13:35:40.925897-08
orbizsgrzt90ve9ge3324tlkvjdan6d7	.eJxVjEEOwiAQRe_C2hAoiINL956hGWYGqRpISrsy3l2bdKHb_977LzXiupRx7TKPE6uzcurwuyWkh9QN8B3rrWlqdZmnpDdF77Tra2N5Xnb376BgL996YO_EJzEIQBbiIGSTBDCEwoaA0TOkkDG4Y8yAmMlECxBOiTI4q94fCCA4zA:1vSFaj:5Esw_HEdE8dFQUkoEZlXL2rOTJwORsYiYXq99A5lDyE	2025-12-21 06:18:25.407489-08
scqizt10818jciy86asoce27wqmtzhvm	.eJxVjMEOwiAQBf-FsyFAgQWP3v0GssAiVQNJaU_Gf9cmPej1zcx7sYDbWsM2aAlzZmem2Ol3i5ge1HaQ79hunafe1mWOfFf4QQe_9kzPy-H-HVQc9VuDKb4Y5VB6YW1yVoiijC3RkMioRQKSJntVYppAkwKMetISLUhwWk3s_QHPJjcV:1vSKLw:B0__TkzCrV1WBip9hLAV919FqQHmBrV3lqmITYwwOaE	2025-12-21 11:23:28.116031-08
\.


--
-- Data for Name: django_site; Type: TABLE DATA; Schema: public; Owner: -
--

COPY public.django_site (id, domain, name) FROM stdin;
1	example.com	example.com
\.


--
-- Data for Name: reviews_review; Type: TABLE DATA; Schema: public; Owner: -
--

COPY public.reviews_review (id, created_at, updated_at, reviewer_name, reviewer_country, reviewer_avatar, rating, title, content, travel_date, is_verified, is_approved, is_featured, admin_response, admin_response_at, booking_id, tour_id, user_id) FROM stdin;
1	2025-12-06 14:26:11.586078-08	2025-12-06 14:26:11.586078-08	Sarah Mitchell	United States		5	Trip of a lifetime!	This was absolutely the best trip I've ever taken. Our guide Ahmed was incredibly knowledgeable and made every moment special. The Nile cruise exceeded all expectations!	2025-11-06	t	t	t		\N	\N	1	\N
2	2025-12-06 14:26:11.600078-08	2025-12-06 14:26:11.600078-08	Carlos Rodriguez	Spain		5	Perfectly organized tour	From the moment we landed, everything was taken care of. The hotels were excellent, the transportation was comfortable, and our guide was fantastic.	2025-10-22	t	t	t		\N	\N	1	\N
3	2025-12-06 14:26:11.606081-08	2025-12-06 14:26:11.606081-08	Emma Thompson	United Kingdom		5	Magical cruise experience	The Nile cruise was simply magical. Waking up to views of ancient temples, excellent food, and impeccable service. Cannot recommend enough!	2025-10-07	t	t	t		\N	\N	2	\N
4	2025-12-06 14:26:11.615083-08	2025-12-06 14:26:11.615083-08	Michael Brown	Australia		4	Great introduction to Cairo	Perfect for a short stay. We saw all the major highlights in one day. The guide was excellent and very flexible with our interests.	2025-11-21	t	t	f		\N	\N	4	\N
5	2025-12-06 14:26:11.623084-08	2025-12-06 14:26:11.623084-08	Hans Mueller	Germany		5	World-class diving	The Red Sea diving was incredible. Crystal clear water, amazing coral reefs, and professional dive masters. Got my PADI certification too!	2025-11-16	t	t	f		\N	\N	3	\N
\.


--
-- Data for Name: reviews_reviewimage; Type: TABLE DATA; Schema: public; Owner: -
--

COPY public.reviews_reviewimage (id, created_at, updated_at, image, caption, review_id) FROM stdin;
\.


--
-- Data for Name: reviews_testimonial; Type: TABLE DATA; Schema: public; Owner: -
--

COPY public.reviews_testimonial (id, created_at, updated_at, name, country, avatar, quote, rating, is_active, sort_order, tour_id) FROM stdin;
3	2025-12-06 14:26:11.648087-08	2025-12-07 09:36:23.336297-08	Maria Garcia	Spain	testimonials/avatar_3.jpg	Our trip to Egypt with Girasol was absolutely magical! Our guide Ahmed was incredibly knowledgeable. We'll definitely be back!	5	t	0	14
4	2025-12-07 09:28:17.225438-08	2025-12-07 09:36:23.931836-08	John & Sarah Thompson	United States	testimonials/avatar_4.jpg	Best vacation we've ever taken! From the pyramids at sunrise to the temples of Luxor, every moment was special.	5	t	1	11
1	2025-12-06 14:26:11.637073-08	2025-12-07 09:36:24.197667-08	Jennifer Adams	Canada	testimonials/avatar_1.jpg	Girasol Tours made our Egyptian dream come true. Every detail was perfectly planned, and the local expertise made all the difference. We felt safe, informed, and inspired throughout our journey.	5	t	1	1
5	2025-12-07 09:28:17.229006-08	2025-12-07 09:36:24.49388-08	Hans Mueller	Germany	testimonials/avatar_5.jpg	Ich war sehr beeindruckt von der Professionalitt. Die Tour war perfekt organisiert. Highly recommended!	5	t	2	16
2	2025-12-06 14:26:11.644087-08	2025-12-07 09:36:24.789741-08	David Chen	Singapore	testimonials/avatar_2.jpg	As solo travelers, we were nervous about visiting Egypt. Girasol Tours took care of everything and we had the adventure of a lifetime. Their 24/7 support gave us peace of mind.	5	t	2	2
6	2025-12-07 09:28:17.233499-08	2025-12-07 09:36:25.06093-08	Yuki Tanaka	Japan	testimonials/avatar_6.jpg	Beautiful experience from start to finish. The guides were excellent and very knowledgeable.	5	t	3	11
7	2025-12-07 09:28:17.237461-08	2025-12-07 09:36:25.378847-08	Sophie Laurent	France	testimonials/avatar_7.jpg	Une exprience inoubliable! The combination of ancient history and modern comfort was perfect.	5	t	4	5
8	2025-12-07 09:28:17.240472-08	2025-12-07 09:36:25.659883-08	Ahmed Al-Rashid	UAE	testimonials/avatar_8.jpg	Excellent service! I appreciated the cultural sensitivity and Arabic-speaking guides.	5	t	5	15
9	2025-12-07 09:28:17.244995-08	2025-12-07 09:36:25.959885-08	Emma Wilson	Australia	testimonials/avatar_9.jpg	We traveled all the way from Sydney and it was worth every hour! The Red Sea diving was world-class.	5	t	6	7
10	2025-12-07 09:28:17.248012-08	2025-12-07 09:36:26.212092-08	Roberto Rossi	Italy	testimonials/avatar_10.jpg	Servizio eccellente! The food, the history, the hospitality - everything was bellissimo!	5	t	7	16
11	2025-12-07 09:28:17.251013-08	2025-12-07 09:36:26.46957-08	Chen Wei	China	testimonials/avatar_11.jpg	The Chinese-speaking guide was greatly appreciated.	5	t	8	4
12	2025-12-07 09:28:17.255325-08	2025-12-07 09:36:26.76972-08	Anna Kowalski	Poland	testimonials/avatar_12.jpg	The hot air balloon ride over Luxor was the highlight - absolutely breathtaking!	5	t	9	15
\.


--
-- Data for Name: socialaccount_socialaccount; Type: TABLE DATA; Schema: public; Owner: -
--

COPY public.socialaccount_socialaccount (id, provider, uid, last_login, date_joined, extra_data, user_id) FROM stdin;
\.


--
-- Data for Name: socialaccount_socialapp; Type: TABLE DATA; Schema: public; Owner: -
--

COPY public.socialaccount_socialapp (id, provider, name, client_id, secret, key, provider_id, settings) FROM stdin;
\.


--
-- Data for Name: socialaccount_socialapp_sites; Type: TABLE DATA; Schema: public; Owner: -
--

COPY public.socialaccount_socialapp_sites (id, socialapp_id, site_id) FROM stdin;
\.


--
-- Data for Name: socialaccount_socialtoken; Type: TABLE DATA; Schema: public; Owner: -
--

COPY public.socialaccount_socialtoken (id, token, token_secret, expires_at, account_id, app_id) FROM stdin;
\.


--
-- Data for Name: token_blacklist_blacklistedtoken; Type: TABLE DATA; Schema: public; Owner: -
--

COPY public.token_blacklist_blacklistedtoken (id, blacklisted_at, token_id) FROM stdin;
\.


--
-- Data for Name: token_blacklist_outstandingtoken; Type: TABLE DATA; Schema: public; Owner: -
--

COPY public.token_blacklist_outstandingtoken (id, token, created_at, expires_at, user_id, jti) FROM stdin;
\.


--
-- Data for Name: tours_tour; Type: TABLE DATA; Schema: public; Owner: -
--

COPY public.tours_tour (id, created_at, updated_at, slug, is_published, published_at, meta_title, meta_description, meta_keywords, name, short_description, description, days, nights, price, price_single_supplement, child_price, currency, min_group_size, max_group_size, featured_image, video_url, is_featured, is_best_seller, is_new, has_discount, discount_percentage, average_rating, review_count, difficulty_level, departure_city, languages, category_id, description_es, description_pt, name_es, name_pt, short_description_es, short_description_pt, tour_type_id, discount_end_date, discount_start_date) FROM stdin;
8	2025-12-07 09:28:16.346717-08	2025-12-11 14:55:01.012555-08	luxury-nile-cruise-experience	t	\N				Luxury Nile Cruise Experience	Sail in 5-star luxury along the Nile from Luxor to Aswan.	Experience the timeless beauty of the Nile aboard a luxurious 5-star cruise ship.\n\n**Temples Along the Way:**\n- Luxor Temple (evening visit)\n- Karnak Temple Complex\n- Edfu Temple (Temple of Horus)\n- Kom Ombo Double Temple\n- Philae Temple\n\n**On Board:**\n- Spacious cabins with Nile views\n- Gourmet dining\n- Swimming pool and spa\n- Evening entertainment\n- All meals included (full board)	5	4	899.00	250.00	599.00	USD	2	50	tours/luxury-nile-cruise-experience_featured.jpg		t	t	f	f	\N	4.9	89	easy	Luxor	English, German, French, Italian	4							3	\N	\N
5	2025-12-06 14:13:39.206488-08	2025-12-11 16:29:06.256271-08	sharm-beach-retreat	t	\N				Sharm Beach Retreat	5-day all-inclusive beach vacation at 5-star resort	Escape to paradise at a luxury 5-star beachfront resort in Sharm El Sheikh. This all-inclusive package offers the perfect blend of relaxation and activities.\r\n\r\nEnjoy private beach access, world-class spa treatments, water sports, and exceptional dining. Optional excursions include snorkeling trips, desert safaris, and visits to Mount Sinai.\r\n\r\nIdeal for couples, families, and anyone seeking a rejuvenating beach holiday.	5	4	699.00	200.00	399.00	USD	1	50	tours/sharm-beach-retreat_featured.jpg		t	f	t	t	20	4.5	78	easy	Sharm El Sheikh	English, Russian, German	3							3	\N	\N
15	2025-12-07 09:28:16.927633-08	2025-12-11 17:19:28.584913-08	egypt-family-adventure	t	\N				Egypt Family Adventure	A family-friendly 10-day adventure designed for travelers of all ages.	Create unforgettable family memories on this 10-day Egypt adventure.\r\n\r\n**Cairo (Days 1-3):**\r\n- Pyramids with camel rides\r\n- Egyptian Museum treasure hunt\r\n- Papyrus making workshop\r\n\r\n**Nile Cruise (Days 4-7):**\r\n- Pool time on cruise ship\r\n- Hieroglyphic writing class\r\n- Temple explorations\r\n\r\n**Hurghada (Days 8-10):**\r\n- Beach time and swimming\r\n- Glass-bottom boat ride\r\n- Dolphin watching\r\n\r\n**Family-Friendly Features:**\r\n- Specially trained guides\r\n- Kid-friendly meals\r\n- Connecting rooms available	10	9	1599.00	400.00	999.00	USD	2	20	tours/egypt-family-adventure_featured.jpg		t	f	f	t	15	4.8	78	easy	Cairo	English, German	10							2	2025-12-07 19:01:01-08	2025-12-06 17:00:51-08
10	2025-12-07 09:28:16.50922-08	2025-12-11 16:28:10.880412-08	red-sea-diving-adventure	t	\N				Red Sea Diving Adventure	World-class diving in the Red Sea with stays in Sharm El Sheikh and Hurghada.	Explore the underwater wonders of the Red Sea on this 7-day diving adventure.\r\n\r\n**Sharm El Sheikh (3 nights):**\r\n- Ras Mohammed National Park\r\n- Tiran Island reefs\r\n- Night dive experience\r\n\r\n**Hurghada (3 nights):**\r\n- Giftun Islands snorkeling\r\n- Abu Ramada reef diving\r\n- Dolphin house visit\r\n\r\n**Included:**\r\n- 6 guided dive days (2 dives per day)\r\n- All diving equipment\r\n- PADI certified instructors\r\n- Beach resort accommodations	7	6	999.00	280.00	699.00	USD	2	12	tours/red-sea-diving-adventure_featured.jpg		t	f	f	f	\N	4.8	52	moderate	Sharm El Sheikh	English, German	7							4	\N	\N
3	2025-12-06 14:13:39.193143-08	2025-12-11 16:29:27.794204-08	red-sea-diving-experience	t	\N				Red Sea Diving Experience	7-day diving adventure in Sharm El Sheikh with PADI certification	Dive into the crystal-clear waters of the Red Sea on this 7-day diving adventure. Sharm El Sheikh offers some of the world's best dive sites with vibrant coral reefs and diverse marine life.\r\n\r\nWhether you're a beginner or experienced diver, this package includes PADI certification courses, guided dives, and free time to explore the resort.\r\n\r\nHighlights include Ras Mohammed National Park, Tiran Island, and the famous SS Thistlegorm wreck.	7	6	1099.00	300.00	\N	USD	1	12	tours/red-sea-diving-experience_featured.jpg		t	f	t	t	10	5.0	1	moderate	Sharm El Sheikh	English, Russian	2							4	\N	\N
2	2025-12-06 14:13:39.187329-08	2025-12-11 14:55:01.020646-08	nile-cruise-adventure	t	\N				Nile Cruise Adventure	5-star Nile cruise from Luxor to Aswan with all temples included	Sail the legendary Nile River in style aboard a luxurious 5-star cruise ship. This 4-night journey from Luxor to Aswan takes you past timeless temples and traditional villages.\n\nEnjoy premium accommodations, gourmet dining, and expert guided tours of ancient sites including Karnak, Luxor Temple, Edfu, Kom Ombo, and Philae Temple.\n\nRelax on the sundeck as the Egyptian landscape unfolds before you, creating memories that will last a lifetime.	5	4	899.00	250.00	599.00	USD	2	50	tours/nile-cruise-adventure_featured.jpg		t	t	f	f	\N	5.0	1	easy	Luxor	English, German, French	4							3	\N	\N
9	2025-12-07 09:28:16.429245-08	2025-12-11 16:28:25.886535-08	cairo-alexandria-discovery	t	\N				Cairo & Alexandria Discovery	Explore Egypt's two great cities - ancient Cairo and Mediterranean Alexandria.	Discover the contrasting wonders of Egypt's two greatest cities.\r\n\r\n**Cairo Highlights:**\r\n- Giza Pyramids and the Great Sphinx\r\n- Egyptian Museum\r\n- Khan el-Khalili bazaar\r\n- Coptic Cairo\r\n- Islamic Cairo mosques\r\n\r\n**Alexandria Highlights:**\r\n- Bibliotheca Alexandrina\r\n- Catacombs of Kom el-Shoqafa\r\n- Citadel of Qaitbay\r\n- Pompey's Pillar\r\n- Mediterranean seafood lunch	5	4	699.00	200.00	450.00	USD	2	16	tours/cairo-alexandria-discovery_featured.jpg		t	f	f	t	10	4.7	64	easy	Cairo	English, Spanish, French	5							3	\N	\N
1	2025-12-06 14:13:39.175464-08	2025-12-11 16:29:46.198871-08	classic-egypt-tour	t	\N				Classic Egypt Tour	Discover the best of Egypt in 8 days including Cairo, Luxor, and Aswan	Experience the magic of Egypt on this comprehensive 8-day tour. Visit the iconic Pyramids of Giza, cruise the Nile River, explore ancient temples in Luxor, and discover Nubian culture in Aswan.\r\n\r\nThis carefully crafted itinerary covers all the must-see attractions while providing authentic cultural experiences. Travel in comfort with expert Egyptologist guides who bring history to life.\r\n\r\nHighlights include the Great Pyramid, Sphinx, Valley of the Kings, Karnak Temple, and Abu Simbel. Perfect for first-time visitors to Egypt.	8	7	1299.00	350.00	899.00	USD	2	16	tours/classic-egypt-tour_featured.jpg		t	t	f	t	15	5.0	2	easy	Cairo	English, Spanish, French	1							4	\N	\N
11	2025-12-07 09:28:16.592905-08	2025-12-11 16:46:55.194205-08	complete-egypt-grand-tour	t	\N				Complete Egypt Grand Tour	The ultimate 14-day Egypt experience covering Cairo, Luxor, Aswan, and the Red Sea.	Experience the very best of Egypt on this comprehensive 14-day journey.\r\n\r\n**Days 1-3: Cairo**\r\n- Great Pyramids and Sphinx\r\n- Egyptian Museum\r\n- Islamic Cairo and Khan el-Khalili\r\n\r\n**Days 4-7: Nile Cruise**\r\n- Karnak and Luxor Temples\r\n- Valley of the Kings\r\n- Edfu and Kom Ombo Temples\r\n\r\n**Days 8-9: Aswan**\r\n- Abu Simbel excursion\r\n- Philae Temple\r\n- Nubian village visit\r\n\r\n**Days 10-14: Hurghada**\r\n- Beach relaxation\r\n- Snorkeling trips\r\n- Desert safari option	14	13	2799.00	650.00	1899.00	USD	2	17	tours/complete-egypt-grand-tour_featured.jpg		t	t	f	t	20	4.9	156	easy	Cairo	English, Spanish,  Italian	9							3	\N	\N
16	2025-12-07 09:28:17.005143-08	2025-12-11 14:55:01.022184-08	desert-safari-oasis-adventure	t	\N				Desert Safari & Oasis Adventure	Explore Egypt's Western Desert, including the White Desert and Bahariya Oasis.	Venture into Egypt's spectacular Western Desert.\n\n**Day 1: Cairo to Bahariya**\n- Black Desert exploration\n- Golden Mummies Museum\n- Hot spring relaxation\n\n**Day 2: White Desert**\n- Crystal Mountain\n- White Desert sunset\n- Camp under the stars\n\n**Day 3: Desert Exploration**\n- Sunrise photography\n- Mushroom rock formations\n- Traditional Bedouin dinner\n\n**Day 4: Return to Cairo**\n\n**Included:**\n- 4x4 jeep transportation\n- Camping equipment\n- All meals\n- Desert guide	4	3	449.00	100.00	350.00	USD	2	12	tours/desert-safari-oasis-adventure_featured.jpg		f	f	f	f	\N	4.7	45	moderate	Cairo	English	8							1	\N	\N
12	2025-12-07 09:28:16.681782-08	2025-12-11 14:55:01.02961-08	pyramids-of-giza-day-tour	t	\N				Pyramids of Giza Day Tour	Full-day tour of the Giza Pyramids, Sphinx, and Egyptian Museum.	Discover Cairo's ancient wonders on this comprehensive full-day tour.\n\n**Morning - Giza Plateau:**\n- Great Pyramid of Khufu\n- Pyramid of Khafre\n- Pyramid of Menkaure\n- The Great Sphinx\n- Valley Temple\n\n**Lunch:** Egyptian restaurant with Pyramid views\n\n**Afternoon - Egyptian Museum:**\n- Tutankhamun's treasures\n- Royal Mummy Hall (optional)\n- Ancient artifacts\n\n**Included:**\n- Hotel pickup and drop-off\n- Licensed Egyptologist guide\n- Lunch\n- All entrance fees	1	0	89.00	0.00	55.00	USD	1	15	tours/pyramids-of-giza-day-tour_featured.jpg		f	t	f	f	\N	4.7	234	easy	Cairo	English, Spanish, German, French, Arabic	6							2	\N	\N
6	2025-12-06 14:13:39.212487-08	2025-12-11 14:55:01.02961-08	alexandria-day-trip	t	\N				Alexandria Day Trip	Explore the Mediterranean gem of Alexandria from Cairo	Discover the charm of Alexandria on this full-day excursion from Cairo. Visit the stunning Bibliotheca Alexandrina, the historic Citadel of Qaitbay, and the mysterious Catacombs of Kom El Shoqafa.\n\nEnjoy a seafood lunch with Mediterranean views and stroll along the famous Corniche. This day trip offers a perfect escape from Cairo and a glimpse into Egypt's Greek and Roman heritage.	1	0	79.00	\N	49.00	USD	2	20	tours/alexandria-day-trip_featured.jpg		f	f	f	f	\N	4.4	67	easy	Cairo	English, French	1							2	\N	\N
7	2025-12-07 09:28:16.249761-08	2025-12-11 16:28:42.658545-08	pyramids-ancient-egypt-explorer	t	\N				Pyramids & Ancient Egypt Explorer	Discover the wonders of ancient Egypt from Cairo to Luxor in this comprehensive 8-day journey.	Embark on an unforgettable 8-day journey through Egypt's most iconic ancient sites.\r\n\r\n**Highlights:**\r\n- Great Pyramids of Giza and the Sphinx\r\n- Egyptian Museum with Tutankhamun's treasures\r\n- Karnak and Luxor Temples\r\n- Valley of the Kings\r\n- Philae Temple in Aswan\r\n- Optional Abu Simbel excursion\r\n\r\n**What's Included:**\r\n- Expert Egyptologist guides\r\n- 4-star hotel accommodations\r\n- All entrance fees\r\n- Daily breakfast and select meals\r\n- Air-conditioned transportation\r\n- Domestic flights as per itinerary	8	7	1299.00	350.00	899.00	USD	2	16	tours/pyramids-ancient-egypt-explorer_featured.jpg		t	t	f	t	15	4.8	127	easy	Cairo	English, Spanish, German, French	5							2	\N	\N
13	2025-12-07 09:28:16.769424-08	2025-12-11 16:35:43.253828-08	luxor-west-bank-day-tour	t	\N				Luxor West Bank Day Tour	Explore the Valley of the Kings, Temple of Hatshepsut, and Colossi of Memnon.	Journey to Luxor's West Bank, the ancient City of the Dead.\r\n\r\n**Valley of the Kings:**\r\n- Visit 3 royal tombs\r\n- See intricate wall paintings\r\n- Learn about mummification\r\n\r\n**Temple of Hatshepsut:**\r\n- Egypt's female pharaoh's mortuary temple\r\n- Dramatic cliff-side architecture\r\n\r\n**Colossi of Memnon:**\r\n- Massive stone statues of Amenhotep III\r\n\r\n**Included:**\r\n- Hotel pickup and drop-off\r\n- Expert Egyptologist guide\r\n- Lunch\r\n- Entrance fees (3 tombs)	1	0	75.00	0.00	45.00	USD	1	15	tours/luxor-west-bank-day-tour_featured.jpg		t	f	f	f	\N	4.8	98	easy	Luxor	English, German, French	6							2	\N	\N
4	2025-12-06 14:13:39.199476-08	2025-12-11 16:38:30.882721-08	cairo-day-tour	f	\N				Cairo Day Tour	Full day tour of Cairo's highlights including Pyramids and Egyptian Museum	Make the most of your time in Cairo with this comprehensive day tour covering all major attractions. Visit the legendary Pyramids of Giza and Sphinx, explore the treasures of the Egyptian Museum, and experience the vibrant Khan El Khalili bazaar.\n\nIncludes hotel pickup, professional Egyptologist guide, entrance fees, and traditional Egyptian lunch.\n\nPerfect for travelers with limited time who want to see Cairo's best.	1	0	89.00	\N	59.00	USD	1	15	tours/cairo-day-tour_featured.jpg		f	t	f	f	\N	4.0	1	easy	Cairo	English, Spanish, French, German, Italian	1							2	\N	\N
14	2025-12-07 09:28:16.847966-08	2025-12-11 16:46:55.191208-08	abu-simbel-day-trip-from-aswan	t	\N				Abu Simbel Day Trip from Aswan	Visit the magnificent rock temples of Ramesses II at Abu Simbel.	Journey to Abu Simbel, one of Egypt's most awe-inspiring monuments.\n\n**The Great Temple:**\n- Four colossal statues (20m high)\n- Stunning interior reliefs\n- Battle of Kadesh depictions\n\n**Temple of Nefertari:**\n- Dedicated to Ramesses' queen\n- Beautiful goddess Hathor statues\n\n**Travel Options:**\n- By road (4:00 AM departure)\n- By air (30-minute scenic flight)\n\n**Included:**\n- Transportation\n- Egyptologist guide\n- Entrance fees\n- Bottled water	1	0	95.00	0.00	65.00	USD	1	20	tours/abu-simbel-day-trip-from-aswan_featured.jpg		t	f	f	t	10	4.9	145	easy	Aswan	English, German, French, Spanish	6							2	\N	\N
\.


--
-- Data for Name: tours_tour_destinations; Type: TABLE DATA; Schema: public; Owner: -
--

COPY public.tours_tour_destinations (id, tour_id, destination_id) FROM stdin;
1	1	1
2	1	2
3	1	3
4	2	2
5	2	3
6	3	4
7	4	1
8	5	4
9	6	5
19	7	1
20	7	2
21	7	3
22	8	2
23	8	3
24	9	1
25	9	5
26	10	4
27	10	6
28	11	1
29	11	2
30	11	3
31	11	6
32	12	1
33	13	2
34	14	3
35	15	1
36	15	2
37	15	3
38	15	6
39	16	1
\.


--
-- Data for Name: tours_tourcategory; Type: TABLE DATA; Schema: public; Owner: -
--

COPY public.tours_tourcategory (id, created_at, updated_at, slug, sort_order, name, description, icon, image, is_active, description_es, description_pt, name_es, name_pt) FROM stdin;
1	2025-12-06 14:13:39.130227-08	2025-12-06 14:13:39.130227-08	cultural-tours	1	Cultural Tours	Explore ancient history and rich culture	fa-landmark		t				
2	2025-12-06 14:13:39.137182-08	2025-12-06 14:13:39.137182-08	adventure-tours	2	Adventure Tours	Thrilling experiences and outdoor activities	fa-hiking		t				
7	2025-12-07 09:28:16.218598-08	2025-12-07 09:36:27.179839-08	beach-diving	0	Beach & Diving	Red Sea adventures including diving and snorkeling.	fas fa-umbrella-beach	tours/categories/category_beach-diving.jpg	t				
5	2025-12-07 09:28:16.207323-08	2025-12-07 09:36:27.52186-08	classic-egypt-tours	0	Classic Egypt Tours	Traditional tours covering Egypt's most iconic sites.	fas fa-landmark	tours/categories/category_classic-egypt-tours.jpg	t				
6	2025-12-07 09:28:16.215629-08	2025-12-07 09:36:28.915795-08	day-tours	0	Day Tours	Single-day excursions to major attractions.	fas fa-sun	tours/categories/category_day-tours.jpg	t				
8	2025-12-07 09:28:16.222703-08	2025-12-07 09:36:29.241999-08	desert-adventures	0	Desert Adventures	Safari trips, oasis visits, and desert camping.	fas fa-campground	tours/categories/category_desert-adventures.jpg	t				
10	2025-12-07 09:28:16.228684-08	2025-12-07 09:36:29.782666-08	family-tours	0	Family Tours	Family-friendly itineraries with activities for all ages.	fas fa-users	tours/categories/category_family-tours.jpg	t				
9	2025-12-07 09:28:16.226701-08	2025-12-07 09:36:30.136624-08	luxury-tours	0	Luxury Tours	Premium experiences with 5-star accommodations.	fas fa-crown	tours/categories/category_luxury-tours.jpg	t				
3	2025-12-06 14:13:39.141182-08	2025-12-07 09:36:30.465387-08	beach-relax	3	Beach & Relax	Relax on beautiful beaches	fa-umbrella-beach	tours/categories/category_beach-relax.jpg	t				
4	2025-12-06 14:13:39.144169-08	2025-12-07 09:36:30.877672-08	nile-cruises	4	Nile Cruises	Luxurious cruise experiences along the Nile River.	fas fa-ship	tours/categories/category_nile-cruises.jpg	t				
\.


--
-- Data for Name: tours_tourdeparture; Type: TABLE DATA; Schema: public; Owner: -
--

COPY public.tours_tourdeparture (id, created_at, updated_at, departure_date, return_date, price, available_spots, is_guaranteed, status, tour_id) FROM stdin;
1	2025-12-07 09:28:16.320337-08	2025-12-07 09:28:16.320337-08	2026-01-06	2026-01-13	1299.00	5	t	available	7
2	2025-12-07 09:28:16.326332-08	2025-12-07 09:28:16.326332-08	2026-01-20	2026-01-27	1299.00	12	t	available	7
3	2025-12-07 09:28:16.330548-08	2025-12-07 09:28:16.330548-08	2026-02-03	2026-02-10	1299.00	7	t	available	7
4	2025-12-07 09:28:16.334533-08	2025-12-07 09:28:16.334533-08	2026-02-17	2026-02-24	1299.00	9	f	available	7
5	2025-12-07 09:28:16.339066-08	2025-12-07 09:28:16.339066-08	2026-03-03	2026-03-10	1299.00	7	f	available	7
6	2025-12-07 09:28:16.343081-08	2025-12-07 09:28:16.343081-08	2026-03-17	2026-03-24	1299.00	13	f	available	7
7	2025-12-07 09:28:16.403002-08	2025-12-07 09:28:16.403002-08	2026-01-06	2026-01-10	899.00	7	t	available	8
8	2025-12-07 09:28:16.407001-08	2025-12-07 09:28:16.407001-08	2026-01-20	2026-01-24	899.00	5	t	available	8
9	2025-12-07 09:28:16.411546-08	2025-12-07 09:28:16.411546-08	2026-02-03	2026-02-07	899.00	6	t	available	8
10	2025-12-07 09:28:16.417128-08	2025-12-07 09:28:16.417128-08	2026-02-17	2026-02-21	899.00	13	f	available	8
11	2025-12-07 09:28:16.420122-08	2025-12-07 09:28:16.421138-08	2026-03-03	2026-03-07	899.00	12	f	available	8
12	2025-12-07 09:28:16.426233-08	2025-12-07 09:28:16.426233-08	2026-03-17	2026-03-21	899.00	13	f	available	8
13	2025-12-07 09:28:16.484991-08	2025-12-07 09:28:16.484991-08	2026-01-06	2026-01-10	699.00	9	t	available	9
14	2025-12-07 09:28:16.488511-08	2025-12-07 09:28:16.488511-08	2026-01-20	2026-01-24	699.00	15	t	available	9
15	2025-12-07 09:28:16.492933-08	2025-12-07 09:28:16.492933-08	2026-02-03	2026-02-07	699.00	8	t	available	9
16	2025-12-07 09:28:16.495165-08	2025-12-07 09:28:16.495165-08	2026-02-17	2026-02-21	699.00	8	f	available	9
17	2025-12-07 09:28:16.499702-08	2025-12-07 09:28:16.499702-08	2026-03-03	2026-03-07	699.00	6	f	available	9
18	2025-12-07 09:28:16.504698-08	2025-12-07 09:28:16.504698-08	2026-03-17	2026-03-21	699.00	12	f	available	9
19	2025-12-07 09:28:16.568632-08	2025-12-07 09:28:16.568632-08	2026-01-06	2026-01-12	999.00	6	t	available	10
20	2025-12-07 09:28:16.572675-08	2025-12-07 09:28:16.572675-08	2026-01-20	2026-01-26	999.00	13	t	available	10
21	2025-12-07 09:28:16.576673-08	2025-12-07 09:28:16.576673-08	2026-02-03	2026-02-09	999.00	7	t	available	10
22	2025-12-07 09:28:16.581211-08	2025-12-07 09:28:16.581211-08	2026-02-17	2026-02-23	999.00	11	f	available	10
23	2025-12-07 09:28:16.585396-08	2025-12-07 09:28:16.585396-08	2026-03-03	2026-03-09	999.00	8	f	available	10
24	2025-12-07 09:28:16.589382-08	2025-12-07 09:28:16.589382-08	2026-03-17	2026-03-23	999.00	14	f	available	10
25	2025-12-07 09:28:16.658141-08	2025-12-07 09:28:16.658141-08	2026-01-06	2026-01-19	2799.00	15	t	available	11
26	2025-12-07 09:28:16.661133-08	2025-12-07 09:28:16.661133-08	2026-01-20	2026-02-02	2799.00	15	t	available	11
27	2025-12-07 09:28:16.665147-08	2025-12-07 09:28:16.665147-08	2026-02-03	2026-02-16	2799.00	12	t	available	11
28	2025-12-07 09:28:16.668684-08	2025-12-07 09:28:16.668684-08	2026-02-17	2026-03-02	2799.00	11	f	available	11
29	2025-12-07 09:28:16.673655-08	2025-12-07 09:28:16.673655-08	2026-03-03	2026-03-16	2799.00	14	f	available	11
30	2025-12-07 09:28:16.676657-08	2025-12-07 09:28:16.676657-08	2026-03-17	2026-03-30	2799.00	6	f	available	11
31	2025-12-07 09:28:16.742231-08	2025-12-07 09:28:16.742231-08	2026-01-06	2026-01-06	89.00	13	t	available	12
32	2025-12-07 09:28:16.74735-08	2025-12-07 09:28:16.74735-08	2026-01-20	2026-01-20	89.00	10	t	available	12
33	2025-12-07 09:28:16.751343-08	2025-12-07 09:28:16.751343-08	2026-02-03	2026-02-03	89.00	9	t	available	12
34	2025-12-07 09:28:16.755875-08	2025-12-07 09:28:16.755875-08	2026-02-17	2026-02-17	89.00	6	f	available	12
35	2025-12-07 09:28:16.759876-08	2025-12-07 09:28:16.759876-08	2026-03-03	2026-03-03	89.00	15	f	available	12
36	2025-12-07 09:28:16.764405-08	2025-12-07 09:28:16.764405-08	2026-03-17	2026-03-17	89.00	13	f	available	12
37	2025-12-07 09:28:16.825011-08	2025-12-07 09:28:16.825011-08	2026-01-06	2026-01-06	75.00	9	t	available	13
38	2025-12-07 09:28:16.828462-08	2025-12-07 09:28:16.828462-08	2026-01-20	2026-01-20	75.00	14	t	available	13
39	2025-12-07 09:28:16.831405-08	2025-12-07 09:28:16.832419-08	2026-02-03	2026-02-03	75.00	11	t	available	13
40	2025-12-07 09:28:16.835405-08	2025-12-07 09:28:16.835405-08	2026-02-17	2026-02-17	75.00	12	f	available	13
41	2025-12-07 09:28:16.839969-08	2025-12-07 09:28:16.839969-08	2026-03-03	2026-03-03	75.00	10	f	available	13
42	2025-12-07 09:28:16.84396-08	2025-12-07 09:28:16.84396-08	2026-03-17	2026-03-17	75.00	10	f	available	13
43	2025-12-07 09:28:16.905365-08	2025-12-07 09:28:16.905365-08	2026-01-06	2026-01-06	95.00	5	t	available	14
44	2025-12-07 09:28:16.909352-08	2025-12-07 09:28:16.909352-08	2026-01-20	2026-01-20	95.00	8	t	available	14
45	2025-12-07 09:28:16.911565-08	2025-12-07 09:28:16.911565-08	2026-02-03	2026-02-03	95.00	13	t	available	14
46	2025-12-07 09:28:16.916094-08	2025-12-07 09:28:16.916094-08	2026-02-17	2026-02-17	95.00	6	f	available	14
47	2025-12-07 09:28:16.920095-08	2025-12-07 09:28:16.920095-08	2026-03-03	2026-03-03	95.00	9	f	available	14
48	2025-12-07 09:28:16.923607-08	2025-12-07 09:28:16.923607-08	2026-03-17	2026-03-17	95.00	5	f	available	14
49	2025-12-07 09:28:16.984267-08	2025-12-07 09:28:16.984267-08	2026-01-06	2026-01-15	1599.00	6	t	available	15
50	2025-12-07 09:28:16.987787-08	2025-12-07 09:28:16.987787-08	2026-01-20	2026-01-29	1599.00	5	t	available	15
51	2025-12-07 09:28:16.991297-08	2025-12-07 09:28:16.991297-08	2026-02-03	2026-02-12	1599.00	13	t	available	15
52	2025-12-07 09:28:16.993567-08	2025-12-07 09:28:16.994582-08	2026-02-17	2026-02-26	1599.00	15	f	available	15
53	2025-12-07 09:28:16.998108-08	2025-12-07 09:28:16.998108-08	2026-03-03	2026-03-12	1599.00	8	f	available	15
54	2025-12-07 09:28:17.001146-08	2025-12-07 09:28:17.001146-08	2026-03-17	2026-03-26	1599.00	14	f	available	15
55	2025-12-07 09:28:17.062288-08	2025-12-07 09:28:17.062288-08	2026-01-06	2026-01-09	449.00	9	t	available	16
56	2025-12-07 09:28:17.065338-08	2025-12-07 09:28:17.065338-08	2026-01-20	2026-01-23	449.00	14	t	available	16
57	2025-12-07 09:28:17.069344-08	2025-12-07 09:28:17.069344-08	2026-02-03	2026-02-06	449.00	7	t	available	16
58	2025-12-07 09:28:17.072862-08	2025-12-07 09:28:17.072862-08	2026-02-17	2026-02-20	449.00	12	f	available	16
59	2025-12-07 09:28:17.075876-08	2025-12-07 09:28:17.075876-08	2026-03-03	2026-03-06	449.00	7	f	available	16
60	2025-12-07 09:28:17.081408-08	2025-12-07 09:28:17.081408-08	2026-03-17	2026-03-20	449.00	11	f	available	16
\.


--
-- Data for Name: tours_tourfaq; Type: TABLE DATA; Schema: public; Owner: -
--

COPY public.tours_tourfaq (id, created_at, updated_at, sort_order, question, answer, tour_id) FROM stdin;
\.


--
-- Data for Name: tours_tourhighlight; Type: TABLE DATA; Schema: public; Owner: -
--

COPY public.tours_tourhighlight (id, created_at, updated_at, sort_order, title, description, icon, tour_id) FROM stdin;
1	2025-12-06 14:13:39.221475-08	2025-12-06 14:13:39.221475-08	1	Great Pyramids of Giza	Marvel at the last remaining wonder of the ancient world	fa-monument	1
2	2025-12-06 14:13:39.225474-08	2025-12-06 14:13:39.225474-08	2	Valley of the Kings	Explore ancient royal tombs including Tutankhamun	fa-crown	1
3	2025-12-06 14:13:39.228194-08	2025-12-06 14:13:39.228194-08	3	Nile River Cruise	Sail the legendary river in luxury	fa-ship	1
4	2025-12-06 14:13:39.232198-08	2025-12-06 14:13:39.232198-08	4	Abu Simbel Temples	Witness the colossal temples of Ramesses II	fa-temple	1
5	2025-12-07 09:28:16.306614-08	2025-12-07 09:28:16.306614-08	0	Expert Guides	Licensed Egyptologist guides	fas fa-user-graduate	7
6	2025-12-07 09:28:16.311343-08	2025-12-07 09:28:16.311343-08	1	Small Groups	Intimate group sizes	fas fa-users	7
7	2025-12-07 09:28:16.313809-08	2025-12-07 09:28:16.313809-08	2	Quality Hotels	Hand-picked accommodations	fas fa-hotel	7
8	2025-12-07 09:28:16.392493-08	2025-12-07 09:28:16.392493-08	0	Expert Guides	Licensed Egyptologist guides	fas fa-user-graduate	8
9	2025-12-07 09:28:16.396479-08	2025-12-07 09:28:16.396479-08	1	Small Groups	Intimate group sizes	fas fa-users	8
10	2025-12-07 09:28:16.399478-08	2025-12-07 09:28:16.399478-08	2	Quality Hotels	Hand-picked accommodations	fas fa-hotel	8
11	2025-12-07 09:28:16.474381-08	2025-12-07 09:28:16.474381-08	0	Expert Guides	Licensed Egyptologist guides	fas fa-user-graduate	9
12	2025-12-07 09:28:16.478515-08	2025-12-07 09:28:16.478515-08	1	Small Groups	Intimate group sizes	fas fa-users	9
13	2025-12-07 09:28:16.480992-08	2025-12-07 09:28:16.480992-08	2	Quality Hotels	Hand-picked accommodations	fas fa-hotel	9
14	2025-12-07 09:28:16.557115-08	2025-12-07 09:28:16.557115-08	0	Expert Guides	Licensed Egyptologist guides	fas fa-user-graduate	10
15	2025-12-07 09:28:16.560622-08	2025-12-07 09:28:16.560622-08	1	Small Groups	Intimate group sizes	fas fa-users	10
16	2025-12-07 09:28:16.564632-08	2025-12-07 09:28:16.564632-08	2	Quality Hotels	Hand-picked accommodations	fas fa-hotel	10
17	2025-12-07 09:28:16.645415-08	2025-12-07 09:28:16.645415-08	0	Expert Guides	Licensed Egyptologist guides	fas fa-user-graduate	11
18	2025-12-07 09:28:16.648949-08	2025-12-07 09:28:16.648949-08	1	Small Groups	Intimate group sizes	fas fa-users	11
19	2025-12-07 09:28:16.652939-08	2025-12-07 09:28:16.652939-08	2	Quality Hotels	Hand-picked accommodations	fas fa-hotel	11
20	2025-12-07 09:28:16.730188-08	2025-12-07 09:28:16.730188-08	0	Expert Guides	Licensed Egyptologist guides	fas fa-user-graduate	12
21	2025-12-07 09:28:16.733708-08	2025-12-07 09:28:16.733708-08	1	Small Groups	Intimate group sizes	fas fa-users	12
22	2025-12-07 09:28:16.738713-08	2025-12-07 09:28:16.738713-08	2	Quality Hotels	Hand-picked accommodations	fas fa-hotel	12
23	2025-12-07 09:28:16.815197-08	2025-12-07 09:28:16.815197-08	0	Expert Guides	Licensed Egyptologist guides	fas fa-user-graduate	13
24	2025-12-07 09:28:16.817994-08	2025-12-07 09:28:16.817994-08	1	Small Groups	Intimate group sizes	fas fa-users	13
25	2025-12-07 09:28:16.820997-08	2025-12-07 09:28:16.820997-08	2	Quality Hotels	Hand-picked accommodations	fas fa-hotel	13
26	2025-12-07 09:28:16.892758-08	2025-12-07 09:28:16.892758-08	0	Expert Guides	Licensed Egyptologist guides	fas fa-user-graduate	14
27	2025-12-07 09:28:16.898004-08	2025-12-07 09:28:16.898004-08	1	Small Groups	Intimate group sizes	fas fa-users	14
28	2025-12-07 09:28:16.900254-08	2025-12-07 09:28:16.900254-08	2	Quality Hotels	Hand-picked accommodations	fas fa-hotel	14
29	2025-12-07 09:28:16.972662-08	2025-12-07 09:28:16.972662-08	0	Expert Guides	Licensed Egyptologist guides	fas fa-user-graduate	15
30	2025-12-07 09:28:16.976671-08	2025-12-07 09:28:16.976671-08	1	Small Groups	Intimate group sizes	fas fa-users	15
31	2025-12-07 09:28:16.980275-08	2025-12-07 09:28:16.980275-08	2	Quality Hotels	Hand-picked accommodations	fas fa-hotel	15
32	2025-12-07 09:28:17.050665-08	2025-12-07 09:28:17.050665-08	0	Expert Guides	Licensed Egyptologist guides	fas fa-user-graduate	16
33	2025-12-07 09:28:17.055809-08	2025-12-07 09:28:17.055809-08	1	Small Groups	Intimate group sizes	fas fa-users	16
34	2025-12-07 09:28:17.058286-08	2025-12-07 09:28:17.058286-08	2	Quality Hotels	Hand-picked accommodations	fas fa-hotel	16
\.


--
-- Data for Name: tours_tourimage; Type: TABLE DATA; Schema: public; Owner: -
--

COPY public.tours_tourimage (id, created_at, updated_at, sort_order, image, caption, alt_text, tour_id) FROM stdin;
1	2025-12-07 09:35:45.994946-08	2025-12-07 09:35:45.994946-08	1	tours/gallery/egypt-family-adventure_gallery_1.jpg	Egypt Family Adventure - Photo 1	Egypt Family Adventure tour experience	15
2	2025-12-07 09:35:46.386991-08	2025-12-07 09:35:46.386991-08	2	tours/gallery/egypt-family-adventure_gallery_2.jpg	Egypt Family Adventure - Photo 2	Egypt Family Adventure tour experience	15
3	2025-12-07 09:35:47.636841-08	2025-12-07 09:35:47.636841-08	1	tours/gallery/complete-egypt-grand-tour_gallery_1.jpg	Complete Egypt Grand Tour - Photo 1	Complete Egypt Grand Tour tour experience	11
4	2025-12-07 09:35:48.057308-08	2025-12-07 09:35:48.057308-08	2	tours/gallery/complete-egypt-grand-tour_gallery_2.jpg	Complete Egypt Grand Tour - Photo 2	Complete Egypt Grand Tour tour experience	11
5	2025-12-07 09:35:48.964877-08	2025-12-07 09:35:48.964877-08	1	tours/gallery/red-sea-diving-adventure_gallery_1.jpg	Red Sea Diving Adventure - Photo 1	Red Sea Diving Adventure tour experience	10
6	2025-12-07 09:35:49.427483-08	2025-12-07 09:35:49.427483-08	2	tours/gallery/red-sea-diving-adventure_gallery_2.jpg	Red Sea Diving Adventure - Photo 2	Red Sea Diving Adventure tour experience	10
7	2025-12-07 09:35:50.751056-08	2025-12-07 09:35:50.751056-08	1	tours/gallery/cairo-alexandria-discovery_gallery_1.jpg	Cairo & Alexandria Discovery - Photo 1	Cairo & Alexandria Discovery tour experience	9
8	2025-12-07 09:35:51.195789-08	2025-12-07 09:35:51.195789-08	2	tours/gallery/cairo-alexandria-discovery_gallery_2.jpg	Cairo & Alexandria Discovery - Photo 2	Cairo & Alexandria Discovery tour experience	9
9	2025-12-07 09:35:52.73803-08	2025-12-07 09:35:52.73803-08	1	tours/gallery/luxury-nile-cruise-experience_gallery_1.jpg	Luxury Nile Cruise Experience - Photo 1	Luxury Nile Cruise Experience tour experience	8
10	2025-12-07 09:35:53.172465-08	2025-12-07 09:35:53.172465-08	2	tours/gallery/luxury-nile-cruise-experience_gallery_2.jpg	Luxury Nile Cruise Experience - Photo 2	Luxury Nile Cruise Experience tour experience	8
11	2025-12-07 09:35:54.039555-08	2025-12-07 09:35:54.039555-08	1	tours/gallery/pyramids-ancient-egypt-explorer_gallery_1.jpg	Pyramids & Ancient Egypt Explorer - Photo 1	Pyramids & Ancient Egypt Explorer tour experience	7
12	2025-12-07 09:35:54.484133-08	2025-12-07 09:35:54.484133-08	2	tours/gallery/pyramids-ancient-egypt-explorer_gallery_2.jpg	Pyramids & Ancient Egypt Explorer - Photo 2	Pyramids & Ancient Egypt Explorer tour experience	7
13	2025-12-07 09:35:55.834846-08	2025-12-07 09:35:55.834846-08	1	tours/gallery/sharm-beach-retreat_gallery_1.jpg	Sharm Beach Retreat - Photo 1	Sharm Beach Retreat tour experience	5
14	2025-12-07 09:35:56.343072-08	2025-12-07 09:35:56.343072-08	2	tours/gallery/sharm-beach-retreat_gallery_2.jpg	Sharm Beach Retreat - Photo 2	Sharm Beach Retreat tour experience	5
15	2025-12-07 09:35:58.464474-08	2025-12-07 09:35:58.464474-08	1	tours/gallery/red-sea-diving-experience_gallery_1.jpg	Red Sea Diving Experience - Photo 1	Red Sea Diving Experience tour experience	3
16	2025-12-07 09:35:59.044115-08	2025-12-07 09:35:59.044115-08	2	tours/gallery/red-sea-diving-experience_gallery_2.jpg	Red Sea Diving Experience - Photo 2	Red Sea Diving Experience tour experience	3
17	2025-12-07 09:35:59.997497-08	2025-12-07 09:35:59.997497-08	1	tours/gallery/nile-cruise-adventure_gallery_1.jpg	Nile Cruise Adventure - Photo 1	Nile Cruise Adventure tour experience	2
18	2025-12-07 09:36:00.497259-08	2025-12-07 09:36:00.497259-08	2	tours/gallery/nile-cruise-adventure_gallery_2.jpg	Nile Cruise Adventure - Photo 2	Nile Cruise Adventure tour experience	2
19	2025-12-07 09:36:01.628354-08	2025-12-07 09:36:01.628354-08	1	tours/gallery/classic-egypt-tour_gallery_1.jpg	Classic Egypt Tour - Photo 1	Classic Egypt Tour tour experience	1
20	2025-12-07 09:36:02.031339-08	2025-12-07 09:36:02.031339-08	2	tours/gallery/classic-egypt-tour_gallery_2.jpg	Classic Egypt Tour - Photo 2	Classic Egypt Tour tour experience	1
21	2025-12-07 09:36:03.381781-08	2025-12-07 09:36:03.381781-08	1	tours/gallery/desert-safari-oasis-adventure_gallery_1.jpg	Desert Safari & Oasis Adventure - Photo 1	Desert Safari & Oasis Adventure tour experience	16
22	2025-12-07 09:36:03.704903-08	2025-12-07 09:36:03.704903-08	2	tours/gallery/desert-safari-oasis-adventure_gallery_2.jpg	Desert Safari & Oasis Adventure - Photo 2	Desert Safari & Oasis Adventure tour experience	16
23	2025-12-07 09:36:05.183705-08	2025-12-07 09:36:05.183705-08	1	tours/gallery/abu-simbel-day-trip-from-aswan_gallery_1.jpg	Abu Simbel Day Trip from Aswan - Photo 1	Abu Simbel Day Trip from Aswan tour experience	14
24	2025-12-07 09:36:05.578968-08	2025-12-07 09:36:05.578968-08	2	tours/gallery/abu-simbel-day-trip-from-aswan_gallery_2.jpg	Abu Simbel Day Trip from Aswan - Photo 2	Abu Simbel Day Trip from Aswan tour experience	14
25	2025-12-07 09:36:07.304197-08	2025-12-07 09:36:07.304197-08	1	tours/gallery/luxor-west-bank-day-tour_gallery_1.jpg	Luxor West Bank Day Tour - Photo 1	Luxor West Bank Day Tour tour experience	13
26	2025-12-07 09:36:07.752815-08	2025-12-07 09:36:07.752815-08	2	tours/gallery/luxor-west-bank-day-tour_gallery_2.jpg	Luxor West Bank Day Tour - Photo 2	Luxor West Bank Day Tour tour experience	13
27	2025-12-07 09:36:09.226219-08	2025-12-07 09:36:09.226219-08	1	tours/gallery/pyramids-of-giza-day-tour_gallery_1.jpg	Pyramids of Giza Day Tour - Photo 1	Pyramids of Giza Day Tour tour experience	12
28	2025-12-07 09:36:09.637254-08	2025-12-07 09:36:09.637254-08	2	tours/gallery/pyramids-of-giza-day-tour_gallery_2.jpg	Pyramids of Giza Day Tour - Photo 2	Pyramids of Giza Day Tour tour experience	12
29	2025-12-07 09:36:11.52196-08	2025-12-07 09:36:11.52196-08	1	tours/gallery/alexandria-day-trip_gallery_1.jpg	Alexandria Day Trip - Photo 1	Alexandria Day Trip tour experience	6
30	2025-12-07 09:36:11.89936-08	2025-12-07 09:36:11.89936-08	2	tours/gallery/alexandria-day-trip_gallery_2.jpg	Alexandria Day Trip - Photo 2	Alexandria Day Trip tour experience	6
31	2025-12-07 09:36:12.95111-08	2025-12-07 09:36:12.95111-08	1	tours/gallery/cairo-day-tour_gallery_1.jpg	Cairo Day Tour - Photo 1	Cairo Day Tour tour experience	4
32	2025-12-07 09:36:13.317433-08	2025-12-07 09:36:13.317433-08	2	tours/gallery/cairo-day-tour_gallery_2.jpg	Cairo Day Tour - Photo 2	Cairo Day Tour tour experience	4
\.


--
-- Data for Name: tours_tourinclusion; Type: TABLE DATA; Schema: public; Owner: -
--

COPY public.tours_tourinclusion (id, created_at, updated_at, sort_order, item, is_included, tour_id) FROM stdin;
1	2025-12-06 14:13:39.237198-08	2025-12-06 14:13:39.237198-08	1	All domestic flights	t	1
2	2025-12-06 14:13:39.241195-08	2025-12-06 14:13:39.241195-08	2	7 nights accommodation	t	1
3	2025-12-06 14:13:39.244204-08	2025-12-06 14:13:39.244204-08	3	Daily breakfast and select meals	t	1
4	2025-12-06 14:13:39.248216-08	2025-12-06 14:13:39.248216-08	4	Professional Egyptologist guide	t	1
5	2025-12-06 14:13:39.251232-08	2025-12-06 14:13:39.251232-08	5	All entrance fees	t	1
6	2025-12-06 14:13:39.253721-08	2025-12-06 14:13:39.253721-08	6	Airport transfers	t	1
7	2025-12-06 14:13:39.256385-08	2025-12-06 14:13:39.256385-08	7	International flights	f	1
8	2025-12-06 14:13:39.2594-08	2025-12-06 14:13:39.2594-08	8	Travel insurance	f	1
9	2025-12-06 14:13:39.262389-08	2025-12-06 14:13:39.262389-08	9	Personal expenses	f	1
10	2025-12-07 09:28:16.264682-08	2025-12-07 09:28:16.264682-08	0	Professional Egyptologist guide	t	7
11	2025-12-07 09:28:16.269159-08	2025-12-07 09:28:16.269159-08	0	All entrance fees	t	7
12	2025-12-07 09:28:16.273707-08	2025-12-07 09:28:16.273707-08	0	Air-conditioned transportation	t	7
13	2025-12-07 09:28:16.278254-08	2025-12-07 09:28:16.278254-08	0	Hotel accommodations	t	7
14	2025-12-07 09:28:16.280936-08	2025-12-07 09:28:16.280936-08	0	Meals as per itinerary	t	7
15	2025-12-07 09:28:16.285489-08	2025-12-07 09:28:16.285489-08	0	Airport transfers	t	7
16	2025-12-07 09:28:16.289491-08	2025-12-07 09:28:16.289491-08	0	International flights	f	7
17	2025-12-07 09:28:16.294025-08	2025-12-07 09:28:16.294025-08	0	Personal expenses	f	7
18	2025-12-07 09:28:16.297051-08	2025-12-07 09:28:16.297051-08	0	Travel insurance	f	7
19	2025-12-07 09:28:16.301094-08	2025-12-07 09:28:16.301094-08	0	Tips and gratuities	f	7
20	2025-12-07 09:28:16.354879-08	2025-12-07 09:28:16.355897-08	0	Professional Egyptologist guide	t	8
21	2025-12-07 09:28:16.358521-08	2025-12-07 09:28:16.358521-08	0	All entrance fees	t	8
22	2025-12-07 09:28:16.362533-08	2025-12-07 09:28:16.362533-08	0	Air-conditioned transportation	t	8
23	2025-12-07 09:28:16.365562-08	2025-12-07 09:28:16.365562-08	0	Hotel accommodations	t	8
24	2025-12-07 09:28:16.370068-08	2025-12-07 09:28:16.370068-08	0	Meals as per itinerary	t	8
25	2025-12-07 09:28:16.373074-08	2025-12-07 09:28:16.373074-08	0	Airport transfers	t	8
26	2025-12-07 09:28:16.377058-08	2025-12-07 09:28:16.377058-08	0	International flights	f	8
27	2025-12-07 09:28:16.381757-08	2025-12-07 09:28:16.381757-08	0	Personal expenses	f	8
28	2025-12-07 09:28:16.384766-08	2025-12-07 09:28:16.384766-08	0	Travel insurance	f	8
29	2025-12-07 09:28:16.388767-08	2025-12-07 09:28:16.388767-08	0	Tips and gratuities	f	8
30	2025-12-07 09:28:16.4381-08	2025-12-07 09:28:16.4381-08	0	Professional Egyptologist guide	t	9
31	2025-12-07 09:28:16.442103-08	2025-12-07 09:28:16.442103-08	0	All entrance fees	t	9
32	2025-12-07 09:28:16.446633-08	2025-12-07 09:28:16.446633-08	0	Air-conditioned transportation	t	9
33	2025-12-07 09:28:16.450646-08	2025-12-07 09:28:16.450646-08	0	Hotel accommodations	t	9
34	2025-12-07 09:28:16.452843-08	2025-12-07 09:28:16.452843-08	0	Meals as per itinerary	t	9
35	2025-12-07 09:28:16.457373-08	2025-12-07 09:28:16.457373-08	0	Airport transfers	t	9
36	2025-12-07 09:28:16.460495-08	2025-12-07 09:28:16.460495-08	0	International flights	f	9
37	2025-12-07 09:28:16.463513-08	2025-12-07 09:28:16.463513-08	0	Personal expenses	f	9
38	2025-12-07 09:28:16.467036-08	2025-12-07 09:28:16.467036-08	0	Travel insurance	f	9
39	2025-12-07 09:28:16.472053-08	2025-12-07 09:28:16.472053-08	0	Tips and gratuities	f	9
40	2025-12-07 09:28:16.518218-08	2025-12-07 09:28:16.518218-08	0	Professional Egyptologist guide	t	10
41	2025-12-07 09:28:16.523499-08	2025-12-07 09:28:16.523499-08	0	All entrance fees	t	10
42	2025-12-07 09:28:16.526499-08	2025-12-07 09:28:16.526499-08	0	Air-conditioned transportation	t	10
43	2025-12-07 09:28:16.531023-08	2025-12-07 09:28:16.531023-08	0	Hotel accommodations	t	10
44	2025-12-07 09:28:16.535038-08	2025-12-07 09:28:16.535038-08	0	Meals as per itinerary	t	10
45	2025-12-07 09:28:16.539551-08	2025-12-07 09:28:16.539551-08	0	Airport transfers	t	10
46	2025-12-07 09:28:16.54258-08	2025-12-07 09:28:16.54258-08	0	International flights	f	10
47	2025-12-07 09:28:16.546578-08	2025-12-07 09:28:16.546578-08	0	Personal expenses	f	10
48	2025-12-07 09:28:16.550101-08	2025-12-07 09:28:16.550101-08	0	Travel insurance	f	10
49	2025-12-07 09:28:16.553115-08	2025-12-07 09:28:16.553115-08	0	Tips and gratuities	f	10
50	2025-12-07 09:28:16.602455-08	2025-12-07 09:28:16.602455-08	0	Professional Egyptologist guide	t	11
51	2025-12-07 09:28:16.606494-08	2025-12-07 09:28:16.606494-08	0	All entrance fees	t	11
52	2025-12-07 09:28:16.611497-08	2025-12-07 09:28:16.611497-08	0	Air-conditioned transportation	t	11
53	2025-12-07 09:28:16.615731-08	2025-12-07 09:28:16.615731-08	0	Hotel accommodations	t	11
54	2025-12-07 09:28:16.621282-08	2025-12-07 09:28:16.621282-08	0	Meals as per itinerary	t	11
55	2025-12-07 09:28:16.624803-08	2025-12-07 09:28:16.624803-08	0	Airport transfers	t	11
56	2025-12-07 09:28:16.62883-08	2025-12-07 09:28:16.62883-08	0	International flights	f	11
57	2025-12-07 09:28:16.631831-08	2025-12-07 09:28:16.631831-08	0	Personal expenses	f	11
58	2025-12-07 09:28:16.636368-08	2025-12-07 09:28:16.636368-08	0	Travel insurance	f	11
59	2025-12-07 09:28:16.6414-08	2025-12-07 09:28:16.6414-08	0	Tips and gratuities	f	11
60	2025-12-07 09:28:16.690249-08	2025-12-07 09:28:16.690249-08	0	Professional Egyptologist guide	t	12
61	2025-12-07 09:28:16.694246-08	2025-12-07 09:28:16.694246-08	0	All entrance fees	t	12
62	2025-12-07 09:28:16.698264-08	2025-12-07 09:28:16.698264-08	0	Air-conditioned transportation	t	12
63	2025-12-07 09:28:16.701413-08	2025-12-07 09:28:16.701413-08	0	Hotel accommodations	t	12
64	2025-12-07 09:28:16.705417-08	2025-12-07 09:28:16.705417-08	0	Meals as per itinerary	t	12
65	2025-12-07 09:28:16.708429-08	2025-12-07 09:28:16.708429-08	0	Airport transfers	t	12
66	2025-12-07 09:28:16.712993-08	2025-12-07 09:28:16.712993-08	0	International flights	f	12
67	2025-12-07 09:28:16.716972-08	2025-12-07 09:28:16.716972-08	0	Personal expenses	f	12
68	2025-12-07 09:28:16.722176-08	2025-12-07 09:28:16.722176-08	0	Travel insurance	f	12
69	2025-12-07 09:28:16.726188-08	2025-12-07 09:28:16.726188-08	0	Tips and gratuities	f	12
70	2025-12-07 09:28:16.776963-08	2025-12-07 09:28:16.776963-08	0	Professional Egyptologist guide	t	13
71	2025-12-07 09:28:16.781063-08	2025-12-07 09:28:16.781063-08	0	All entrance fees	t	13
72	2025-12-07 09:28:16.785064-08	2025-12-07 09:28:16.785064-08	0	Air-conditioned transportation	t	13
73	2025-12-07 09:28:16.790303-08	2025-12-07 09:28:16.790303-08	0	Hotel accommodations	t	13
74	2025-12-07 09:28:16.792674-08	2025-12-07 09:28:16.792674-08	0	Meals as per itinerary	t	13
75	2025-12-07 09:28:16.797207-08	2025-12-07 09:28:16.797207-08	0	Airport transfers	t	13
76	2025-12-07 09:28:16.800205-08	2025-12-07 09:28:16.800205-08	0	International flights	f	13
77	2025-12-07 09:28:16.804207-08	2025-12-07 09:28:16.804207-08	0	Personal expenses	f	13
78	2025-12-07 09:28:16.807587-08	2025-12-07 09:28:16.807587-08	0	Travel insurance	f	13
79	2025-12-07 09:28:16.810196-08	2025-12-07 09:28:16.810196-08	0	Tips and gratuities	f	13
80	2025-12-07 09:28:16.855035-08	2025-12-07 09:28:16.855035-08	0	Professional Egyptologist guide	t	14
81	2025-12-07 09:28:16.85803-08	2025-12-07 09:28:16.85803-08	0	All entrance fees	t	14
82	2025-12-07 09:28:16.862586-08	2025-12-07 09:28:16.862586-08	0	Air-conditioned transportation	t	14
83	2025-12-07 09:28:16.865574-08	2025-12-07 09:28:16.865574-08	0	Hotel accommodations	t	14
84	2025-12-07 09:28:16.868596-08	2025-12-07 09:28:16.868596-08	0	Meals as per itinerary	t	14
85	2025-12-07 09:28:16.874701-08	2025-12-07 09:28:16.874701-08	0	Airport transfers	t	14
86	2025-12-07 09:28:16.878877-08	2025-12-07 09:28:16.878877-08	0	International flights	f	14
87	2025-12-07 09:28:16.881739-08	2025-12-07 09:28:16.881739-08	0	Personal expenses	f	14
88	2025-12-07 09:28:16.884742-08	2025-12-07 09:28:16.884742-08	0	Travel insurance	f	14
89	2025-12-07 09:28:16.888727-08	2025-12-07 09:28:16.888727-08	0	Tips and gratuities	f	14
90	2025-12-07 09:28:16.934074-08	2025-12-07 09:28:16.934074-08	0	Professional Egyptologist guide	t	15
91	2025-12-07 09:28:16.938112-08	2025-12-07 09:28:16.938112-08	0	All entrance fees	t	15
92	2025-12-07 09:28:16.942106-08	2025-12-07 09:28:16.942106-08	0	Air-conditioned transportation	t	15
93	2025-12-07 09:28:16.945841-08	2025-12-07 09:28:16.945841-08	0	Hotel accommodations	t	15
94	2025-12-07 09:28:16.948619-08	2025-12-07 09:28:16.948619-08	0	Meals as per itinerary	t	15
95	2025-12-07 09:28:16.953621-08	2025-12-07 09:28:16.953621-08	0	Airport transfers	t	15
96	2025-12-07 09:28:16.958168-08	2025-12-07 09:28:16.958168-08	0	International flights	f	15
97	2025-12-07 09:28:16.961165-08	2025-12-07 09:28:16.962172-08	0	Personal expenses	f	15
98	2025-12-07 09:28:16.965175-08	2025-12-07 09:28:16.965175-08	0	Travel insurance	f	15
99	2025-12-07 09:28:16.968672-08	2025-12-07 09:28:16.968672-08	0	Tips and gratuities	f	15
100	2025-12-07 09:28:17.01424-08	2025-12-07 09:28:17.01424-08	0	Professional Egyptologist guide	t	16
101	2025-12-07 09:28:17.018227-08	2025-12-07 09:28:17.018227-08	0	All entrance fees	t	16
102	2025-12-07 09:28:17.021753-08	2025-12-07 09:28:17.021753-08	0	Air-conditioned transportation	t	16
103	2025-12-07 09:28:17.024765-08	2025-12-07 09:28:17.024765-08	0	Hotel accommodations	t	16
104	2025-12-07 09:28:17.027212-08	2025-12-07 09:28:17.027212-08	0	Meals as per itinerary	t	16
105	2025-12-07 09:28:17.032584-08	2025-12-07 09:28:17.032584-08	0	Airport transfers	t	16
106	2025-12-07 09:28:17.037118-08	2025-12-07 09:28:17.038118-08	0	International flights	f	16
107	2025-12-07 09:28:17.041759-08	2025-12-07 09:28:17.041759-08	0	Personal expenses	f	16
108	2025-12-07 09:28:17.044761-08	2025-12-07 09:28:17.044761-08	0	Travel insurance	f	16
109	2025-12-07 09:28:17.047755-08	2025-12-07 09:28:17.047755-08	0	Tips and gratuities	f	16
\.


--
-- Data for Name: tours_touritinerary; Type: TABLE DATA; Schema: public; Owner: -
--

COPY public.tours_touritinerary (id, created_at, updated_at, sort_order, day_number, title, description, locations, meals_included, accommodation, image, tour_id) FROM stdin;
1	2025-12-06 14:13:39.268398-08	2025-12-06 14:13:39.268398-08	1	1	Welcome to Cairo	Arrive at Cairo International Airport where you will be met by our representative. Transfer to your hotel for check-in and rest. Evening welcome dinner with traditional Egyptian cuisine.	Cairo	Dinner	5-star hotel in Cairo		1
2	2025-12-06 14:13:39.271422-08	2025-12-06 14:13:39.271422-08	2	2	Pyramids & Sphinx	Full day exploring the Giza Plateau. Visit the Great Pyramid, Sphinx, and Valley Temple. Optional camel ride. Afternoon visit to the Egyptian Museum.	Giza, Cairo	Breakfast, Lunch	5-star hotel in Cairo		1
3	2025-12-06 14:13:39.274391-08	2025-12-06 14:13:39.274391-08	3	3	Fly to Luxor	Morning flight to Luxor. Visit Karnak Temple, the largest ancient religious site in the world. Evening sound and light show.	Luxor	Breakfast, Dinner	Nile cruise ship		1
\.


--
-- Data for Name: tours_tourpricing; Type: TABLE DATA; Schema: public; Owner: -
--

COPY public.tours_tourpricing (id, created_at, updated_at, season_name, start_date, end_date, price_per_person, single_supplement, tour_id) FROM stdin;
\.


--
-- Data for Name: tours_tourtype; Type: TABLE DATA; Schema: public; Owner: -
--

COPY public.tours_tourtype (id, created_at, updated_at, slug, sort_order, name, name_es, name_pt, description, icon, is_active) FROM stdin;
1	2025-12-11 14:55:00.99276-08	2025-12-11 14:55:00.99276-08	package	0	Package Tour	Paquete Turstico	Pacote Turstico			t
2	2025-12-11 14:55:00.994111-08	2025-12-11 14:55:00.994111-08	day_tour	1	Day Tour	Tour de un Da	Passeio de um Dia			t
3	2025-12-11 14:55:00.994111-08	2025-12-11 14:55:00.994111-08	nile_cruise	2	Nile Cruise	Crucero por el Nilo	Cruzeiro no Nilo			t
4	2025-12-11 14:55:00.994111-08	2025-12-11 14:55:00.994111-08	multi_country	3	Multi-Country Tour	Tour Multi-Pas	Tour Multi-Pas			t
\.


--
-- Data for Name: users_user; Type: TABLE DATA; Schema: public; Owner: -
--

COPY public.users_user (id, password, last_login, is_superuser, first_name, last_name, is_staff, is_active, date_joined, created_at, updated_at, email, phone, country, avatar, preferred_language, newsletter_subscribed, date_of_birth, nationality, passport_number) FROM stdin;
1	pbkdf2_sha256$720000$cwT48PBG0aBpGStIBXUQX0$kINq7d43ZxlspdWEqAWYstit+bTLIItMgmtoELnIU7Y=	2025-12-06 12:33:13.253429-08	f			f	t	2025-12-06 12:32:49.247192-08	2025-12-06 12:32:49.939188-08	2025-12-06 12:32:49.939188-08	test@example.com				en	f	\N		
3	pbkdf2_sha256$720000$iWdeKHbusMIYvSlChLgB21$JXu7inPl+YKupbhceLbVn4jY0XNUtth9eCbTRO7Dics=	2025-12-07 06:18:25.400938-08	t	basim	beshay	t	t	2025-12-07 06:16:19.721891-08	2025-12-07 06:16:20.120092-08	2025-12-07 06:16:20.120092-08	bassembeshay@gmail.com				en	f	\N		
2	pbkdf2_sha256$720000$tyVAls1o4TA1yGx3UFNtoa$EwOINBUAKdP3mTzm75sCtORUOeZW8ObeGEcEaNd04J8=	2025-12-07 11:23:28.113867-08	t	bassem	beshay	t	t	2025-12-06 12:55:52.831254-08	2025-12-06 12:55:53.536727-08	2025-12-06 12:55:53.536727-08	bassembeshay50@gmail.com				en	f	\N		
\.


--
-- Data for Name: users_user_groups; Type: TABLE DATA; Schema: public; Owner: -
--

COPY public.users_user_groups (id, user_id, group_id) FROM stdin;
\.


--
-- Data for Name: users_user_user_permissions; Type: TABLE DATA; Schema: public; Owner: -
--

COPY public.users_user_user_permissions (id, user_id, permission_id) FROM stdin;
\.


--
-- Data for Name: users_userprofile; Type: TABLE DATA; Schema: public; Owner: -
--

COPY public.users_userprofile (id, created_at, updated_at, bio, emergency_contact_name, emergency_contact_phone, emergency_contact_relation, dietary_requirements, medical_conditions, special_requests, user_id) FROM stdin;
\.


--
-- Data for Name: users_wishlist; Type: TABLE DATA; Schema: public; Owner: -
--

COPY public.users_wishlist (id, created_at, updated_at, tour_id, user_id) FROM stdin;
\.


--
-- Name: account_emailaddress_id_seq; Type: SEQUENCE SET; Schema: public; Owner: -
--

SELECT pg_catalog.setval('public.account_emailaddress_id_seq', 1, true);


--
-- Name: account_emailconfirmation_id_seq; Type: SEQUENCE SET; Schema: public; Owner: -
--

SELECT pg_catalog.setval('public.account_emailconfirmation_id_seq', 1, false);


--
-- Name: auth_group_id_seq; Type: SEQUENCE SET; Schema: public; Owner: -
--

SELECT pg_catalog.setval('public.auth_group_id_seq', 1, false);


--
-- Name: auth_group_permissions_id_seq; Type: SEQUENCE SET; Schema: public; Owner: -
--

SELECT pg_catalog.setval('public.auth_group_permissions_id_seq', 1, false);


--
-- Name: auth_permission_id_seq; Type: SEQUENCE SET; Schema: public; Owner: -
--

SELECT pg_catalog.setval('public.auth_permission_id_seq', 200, true);


--
-- Name: blog_category_id_seq; Type: SEQUENCE SET; Schema: public; Owner: -
--

SELECT pg_catalog.setval('public.blog_category_id_seq', 8, true);


--
-- Name: blog_comment_id_seq; Type: SEQUENCE SET; Schema: public; Owner: -
--

SELECT pg_catalog.setval('public.blog_comment_id_seq', 1, false);


--
-- Name: blog_post_id_seq; Type: SEQUENCE SET; Schema: public; Owner: -
--

SELECT pg_catalog.setval('public.blog_post_id_seq', 10, true);


--
-- Name: blog_post_related_destinations_id_seq; Type: SEQUENCE SET; Schema: public; Owner: -
--

SELECT pg_catalog.setval('public.blog_post_related_destinations_id_seq', 1, false);


--
-- Name: blog_post_related_tours_id_seq; Type: SEQUENCE SET; Schema: public; Owner: -
--

SELECT pg_catalog.setval('public.blog_post_related_tours_id_seq', 1, false);


--
-- Name: blog_post_tags_id_seq; Type: SEQUENCE SET; Schema: public; Owner: -
--

SELECT pg_catalog.setval('public.blog_post_tags_id_seq', 20, true);


--
-- Name: blog_tag_id_seq; Type: SEQUENCE SET; Schema: public; Owner: -
--

SELECT pg_catalog.setval('public.blog_tag_id_seq', 12, true);


--
-- Name: contact_faq_id_seq; Type: SEQUENCE SET; Schema: public; Owner: -
--

SELECT pg_catalog.setval('public.contact_faq_id_seq', 11, true);


--
-- Name: contact_inquiry_id_seq; Type: SEQUENCE SET; Schema: public; Owner: -
--

SELECT pg_catalog.setval('public.contact_inquiry_id_seq', 1, false);


--
-- Name: contact_inquiryresponse_id_seq; Type: SEQUENCE SET; Schema: public; Owner: -
--

SELECT pg_catalog.setval('public.contact_inquiryresponse_id_seq', 1, false);


--
-- Name: contact_newsletter_id_seq; Type: SEQUENCE SET; Schema: public; Owner: -
--

SELECT pg_catalog.setval('public.contact_newsletter_id_seq', 1, false);


--
-- Name: contact_office_id_seq; Type: SEQUENCE SET; Schema: public; Owner: -
--

SELECT pg_catalog.setval('public.contact_office_id_seq', 5, true);


--
-- Name: destinations_activity_id_seq; Type: SEQUENCE SET; Schema: public; Owner: -
--

SELECT pg_catalog.setval('public.destinations_activity_id_seq', 27, true);


--
-- Name: destinations_destination_id_seq; Type: SEQUENCE SET; Schema: public; Owner: -
--

SELECT pg_catalog.setval('public.destinations_destination_id_seq', 6, true);


--
-- Name: destinations_destinationimage_id_seq; Type: SEQUENCE SET; Schema: public; Owner: -
--

SELECT pg_catalog.setval('public.destinations_destinationimage_id_seq', 12, true);


--
-- Name: django_admin_log_id_seq; Type: SEQUENCE SET; Schema: public; Owner: -
--

SELECT pg_catalog.setval('public.django_admin_log_id_seq', 31, true);


--
-- Name: django_content_type_id_seq; Type: SEQUENCE SET; Schema: public; Owner: -
--

SELECT pg_catalog.setval('public.django_content_type_id_seq', 50, true);


--
-- Name: django_migrations_id_seq; Type: SEQUENCE SET; Schema: public; Owner: -
--

SELECT pg_catalog.setval('public.django_migrations_id_seq', 73, true);


--
-- Name: django_site_id_seq; Type: SEQUENCE SET; Schema: public; Owner: -
--

SELECT pg_catalog.setval('public.django_site_id_seq', 1, true);


--
-- Name: reviews_review_id_seq; Type: SEQUENCE SET; Schema: public; Owner: -
--

SELECT pg_catalog.setval('public.reviews_review_id_seq', 5, true);


--
-- Name: reviews_reviewimage_id_seq; Type: SEQUENCE SET; Schema: public; Owner: -
--

SELECT pg_catalog.setval('public.reviews_reviewimage_id_seq', 1, false);


--
-- Name: reviews_testimonial_id_seq; Type: SEQUENCE SET; Schema: public; Owner: -
--

SELECT pg_catalog.setval('public.reviews_testimonial_id_seq', 12, true);


--
-- Name: socialaccount_socialaccount_id_seq; Type: SEQUENCE SET; Schema: public; Owner: -
--

SELECT pg_catalog.setval('public.socialaccount_socialaccount_id_seq', 1, false);


--
-- Name: socialaccount_socialapp_id_seq; Type: SEQUENCE SET; Schema: public; Owner: -
--

SELECT pg_catalog.setval('public.socialaccount_socialapp_id_seq', 1, false);


--
-- Name: socialaccount_socialapp_sites_id_seq; Type: SEQUENCE SET; Schema: public; Owner: -
--

SELECT pg_catalog.setval('public.socialaccount_socialapp_sites_id_seq', 1, false);


--
-- Name: socialaccount_socialtoken_id_seq; Type: SEQUENCE SET; Schema: public; Owner: -
--

SELECT pg_catalog.setval('public.socialaccount_socialtoken_id_seq', 1, false);


--
-- Name: token_blacklist_blacklistedtoken_id_seq; Type: SEQUENCE SET; Schema: public; Owner: -
--

SELECT pg_catalog.setval('public.token_blacklist_blacklistedtoken_id_seq', 1, false);


--
-- Name: token_blacklist_outstandingtoken_id_seq; Type: SEQUENCE SET; Schema: public; Owner: -
--

SELECT pg_catalog.setval('public.token_blacklist_outstandingtoken_id_seq', 1, false);


--
-- Name: tours_tour_destinations_id_seq; Type: SEQUENCE SET; Schema: public; Owner: -
--

SELECT pg_catalog.setval('public.tours_tour_destinations_id_seq', 39, true);


--
-- Name: tours_tour_id_seq; Type: SEQUENCE SET; Schema: public; Owner: -
--

SELECT pg_catalog.setval('public.tours_tour_id_seq', 16, true);


--
-- Name: tours_tourcategory_id_seq; Type: SEQUENCE SET; Schema: public; Owner: -
--

SELECT pg_catalog.setval('public.tours_tourcategory_id_seq', 10, true);


--
-- Name: tours_tourdeparture_id_seq; Type: SEQUENCE SET; Schema: public; Owner: -
--

SELECT pg_catalog.setval('public.tours_tourdeparture_id_seq', 60, true);


--
-- Name: tours_tourfaq_id_seq; Type: SEQUENCE SET; Schema: public; Owner: -
--

SELECT pg_catalog.setval('public.tours_tourfaq_id_seq', 1, false);


--
-- Name: tours_tourhighlight_id_seq; Type: SEQUENCE SET; Schema: public; Owner: -
--

SELECT pg_catalog.setval('public.tours_tourhighlight_id_seq', 34, true);


--
-- Name: tours_tourimage_id_seq; Type: SEQUENCE SET; Schema: public; Owner: -
--

SELECT pg_catalog.setval('public.tours_tourimage_id_seq', 32, true);


--
-- Name: tours_tourinclusion_id_seq; Type: SEQUENCE SET; Schema: public; Owner: -
--

SELECT pg_catalog.setval('public.tours_tourinclusion_id_seq', 109, true);


--
-- Name: tours_touritinerary_id_seq; Type: SEQUENCE SET; Schema: public; Owner: -
--

SELECT pg_catalog.setval('public.tours_touritinerary_id_seq', 3, true);


--
-- Name: tours_tourpricing_id_seq; Type: SEQUENCE SET; Schema: public; Owner: -
--

SELECT pg_catalog.setval('public.tours_tourpricing_id_seq', 1, false);


--
-- Name: tours_tourtype_id_seq; Type: SEQUENCE SET; Schema: public; Owner: -
--

SELECT pg_catalog.setval('public.tours_tourtype_id_seq', 4, true);


--
-- Name: users_user_groups_id_seq; Type: SEQUENCE SET; Schema: public; Owner: -
--

SELECT pg_catalog.setval('public.users_user_groups_id_seq', 1, false);


--
-- Name: users_user_id_seq; Type: SEQUENCE SET; Schema: public; Owner: -
--

SELECT pg_catalog.setval('public.users_user_id_seq', 3, true);


--
-- Name: users_user_user_permissions_id_seq; Type: SEQUENCE SET; Schema: public; Owner: -
--

SELECT pg_catalog.setval('public.users_user_user_permissions_id_seq', 1, false);


--
-- Name: users_userprofile_id_seq; Type: SEQUENCE SET; Schema: public; Owner: -
--

SELECT pg_catalog.setval('public.users_userprofile_id_seq', 1, false);


--
-- Name: users_wishlist_id_seq; Type: SEQUENCE SET; Schema: public; Owner: -
--

SELECT pg_catalog.setval('public.users_wishlist_id_seq', 1, false);


--
-- Name: account_emailaddress account_emailaddress_pkey; Type: CONSTRAINT; Schema: public; Owner: -
--

ALTER TABLE ONLY public.account_emailaddress
    ADD CONSTRAINT account_emailaddress_pkey PRIMARY KEY (id);


--
-- Name: account_emailaddress account_emailaddress_user_id_email_987c8728_uniq; Type: CONSTRAINT; Schema: public; Owner: -
--

ALTER TABLE ONLY public.account_emailaddress
    ADD CONSTRAINT account_emailaddress_user_id_email_987c8728_uniq UNIQUE (user_id, email);


--
-- Name: account_emailconfirmation account_emailconfirmation_key_key; Type: CONSTRAINT; Schema: public; Owner: -
--

ALTER TABLE ONLY public.account_emailconfirmation
    ADD CONSTRAINT account_emailconfirmation_key_key UNIQUE (key);


--
-- Name: account_emailconfirmation account_emailconfirmation_pkey; Type: CONSTRAINT; Schema: public; Owner: -
--

ALTER TABLE ONLY public.account_emailconfirmation
    ADD CONSTRAINT account_emailconfirmation_pkey PRIMARY KEY (id);


--
-- Name: auth_group auth_group_name_key; Type: CONSTRAINT; Schema: public; Owner: -
--

ALTER TABLE ONLY public.auth_group
    ADD CONSTRAINT auth_group_name_key UNIQUE (name);


--
-- Name: auth_group_permissions auth_group_permissions_group_id_permission_id_0cd325b0_uniq; Type: CONSTRAINT; Schema: public; Owner: -
--

ALTER TABLE ONLY public.auth_group_permissions
    ADD CONSTRAINT auth_group_permissions_group_id_permission_id_0cd325b0_uniq UNIQUE (group_id, permission_id);


--
-- Name: auth_group_permissions auth_group_permissions_pkey; Type: CONSTRAINT; Schema: public; Owner: -
--

ALTER TABLE ONLY public.auth_group_permissions
    ADD CONSTRAINT auth_group_permissions_pkey PRIMARY KEY (id);


--
-- Name: auth_group auth_group_pkey; Type: CONSTRAINT; Schema: public; Owner: -
--

ALTER TABLE ONLY public.auth_group
    ADD CONSTRAINT auth_group_pkey PRIMARY KEY (id);


--
-- Name: auth_permission auth_permission_content_type_id_codename_01ab375a_uniq; Type: CONSTRAINT; Schema: public; Owner: -
--

ALTER TABLE ONLY public.auth_permission
    ADD CONSTRAINT auth_permission_content_type_id_codename_01ab375a_uniq UNIQUE (content_type_id, codename);


--
-- Name: auth_permission auth_permission_pkey; Type: CONSTRAINT; Schema: public; Owner: -
--

ALTER TABLE ONLY public.auth_permission
    ADD CONSTRAINT auth_permission_pkey PRIMARY KEY (id);


--
-- Name: authtoken_token authtoken_token_pkey; Type: CONSTRAINT; Schema: public; Owner: -
--

ALTER TABLE ONLY public.authtoken_token
    ADD CONSTRAINT authtoken_token_pkey PRIMARY KEY (key);


--
-- Name: authtoken_token authtoken_token_user_id_key; Type: CONSTRAINT; Schema: public; Owner: -
--

ALTER TABLE ONLY public.authtoken_token
    ADD CONSTRAINT authtoken_token_user_id_key UNIQUE (user_id);


--
-- Name: blog_category blog_category_pkey; Type: CONSTRAINT; Schema: public; Owner: -
--

ALTER TABLE ONLY public.blog_category
    ADD CONSTRAINT blog_category_pkey PRIMARY KEY (id);


--
-- Name: blog_category blog_category_slug_key; Type: CONSTRAINT; Schema: public; Owner: -
--

ALTER TABLE ONLY public.blog_category
    ADD CONSTRAINT blog_category_slug_key UNIQUE (slug);


--
-- Name: blog_comment blog_comment_pkey; Type: CONSTRAINT; Schema: public; Owner: -
--

ALTER TABLE ONLY public.blog_comment
    ADD CONSTRAINT blog_comment_pkey PRIMARY KEY (id);


--
-- Name: blog_post blog_post_pkey; Type: CONSTRAINT; Schema: public; Owner: -
--

ALTER TABLE ONLY public.blog_post
    ADD CONSTRAINT blog_post_pkey PRIMARY KEY (id);


--
-- Name: blog_post_related_destinations blog_post_related_destin_post_id_destination_id_5ec94098_uniq; Type: CONSTRAINT; Schema: public; Owner: -
--

ALTER TABLE ONLY public.blog_post_related_destinations
    ADD CONSTRAINT blog_post_related_destin_post_id_destination_id_5ec94098_uniq UNIQUE (post_id, destination_id);


--
-- Name: blog_post_related_destinations blog_post_related_destinations_pkey; Type: CONSTRAINT; Schema: public; Owner: -
--

ALTER TABLE ONLY public.blog_post_related_destinations
    ADD CONSTRAINT blog_post_related_destinations_pkey PRIMARY KEY (id);


--
-- Name: blog_post_related_tours blog_post_related_tours_pkey; Type: CONSTRAINT; Schema: public; Owner: -
--

ALTER TABLE ONLY public.blog_post_related_tours
    ADD CONSTRAINT blog_post_related_tours_pkey PRIMARY KEY (id);


--
-- Name: blog_post_related_tours blog_post_related_tours_post_id_tour_id_39287daf_uniq; Type: CONSTRAINT; Schema: public; Owner: -
--

ALTER TABLE ONLY public.blog_post_related_tours
    ADD CONSTRAINT blog_post_related_tours_post_id_tour_id_39287daf_uniq UNIQUE (post_id, tour_id);


--
-- Name: blog_post blog_post_slug_key; Type: CONSTRAINT; Schema: public; Owner: -
--

ALTER TABLE ONLY public.blog_post
    ADD CONSTRAINT blog_post_slug_key UNIQUE (slug);


--
-- Name: blog_post_tags blog_post_tags_pkey; Type: CONSTRAINT; Schema: public; Owner: -
--

ALTER TABLE ONLY public.blog_post_tags
    ADD CONSTRAINT blog_post_tags_pkey PRIMARY KEY (id);


--
-- Name: blog_post_tags blog_post_tags_post_id_tag_id_4925ec37_uniq; Type: CONSTRAINT; Schema: public; Owner: -
--

ALTER TABLE ONLY public.blog_post_tags
    ADD CONSTRAINT blog_post_tags_post_id_tag_id_4925ec37_uniq UNIQUE (post_id, tag_id);


--
-- Name: blog_tag blog_tag_pkey; Type: CONSTRAINT; Schema: public; Owner: -
--

ALTER TABLE ONLY public.blog_tag
    ADD CONSTRAINT blog_tag_pkey PRIMARY KEY (id);


--
-- Name: blog_tag blog_tag_slug_key; Type: CONSTRAINT; Schema: public; Owner: -
--

ALTER TABLE ONLY public.blog_tag
    ADD CONSTRAINT blog_tag_slug_key UNIQUE (slug);


--
-- Name: contact_faq contact_faq_pkey; Type: CONSTRAINT; Schema: public; Owner: -
--

ALTER TABLE ONLY public.contact_faq
    ADD CONSTRAINT contact_faq_pkey PRIMARY KEY (id);


--
-- Name: contact_inquiry contact_inquiry_pkey; Type: CONSTRAINT; Schema: public; Owner: -
--

ALTER TABLE ONLY public.contact_inquiry
    ADD CONSTRAINT contact_inquiry_pkey PRIMARY KEY (id);


--
-- Name: contact_inquiryresponse contact_inquiryresponse_pkey; Type: CONSTRAINT; Schema: public; Owner: -
--

ALTER TABLE ONLY public.contact_inquiryresponse
    ADD CONSTRAINT contact_inquiryresponse_pkey PRIMARY KEY (id);


--
-- Name: contact_newsletter contact_newsletter_email_key; Type: CONSTRAINT; Schema: public; Owner: -
--

ALTER TABLE ONLY public.contact_newsletter
    ADD CONSTRAINT contact_newsletter_email_key UNIQUE (email);


--
-- Name: contact_newsletter contact_newsletter_pkey; Type: CONSTRAINT; Schema: public; Owner: -
--

ALTER TABLE ONLY public.contact_newsletter
    ADD CONSTRAINT contact_newsletter_pkey PRIMARY KEY (id);


--
-- Name: contact_office contact_office_pkey; Type: CONSTRAINT; Schema: public; Owner: -
--

ALTER TABLE ONLY public.contact_office
    ADD CONSTRAINT contact_office_pkey PRIMARY KEY (id);


--
-- Name: destinations_activity destinations_activity_pkey; Type: CONSTRAINT; Schema: public; Owner: -
--

ALTER TABLE ONLY public.destinations_activity
    ADD CONSTRAINT destinations_activity_pkey PRIMARY KEY (id);


--
-- Name: destinations_destination destinations_destination_pkey; Type: CONSTRAINT; Schema: public; Owner: -
--

ALTER TABLE ONLY public.destinations_destination
    ADD CONSTRAINT destinations_destination_pkey PRIMARY KEY (id);


--
-- Name: destinations_destination destinations_destination_slug_key; Type: CONSTRAINT; Schema: public; Owner: -
--

ALTER TABLE ONLY public.destinations_destination
    ADD CONSTRAINT destinations_destination_slug_key UNIQUE (slug);


--
-- Name: destinations_destinationimage destinations_destinationimage_pkey; Type: CONSTRAINT; Schema: public; Owner: -
--

ALTER TABLE ONLY public.destinations_destinationimage
    ADD CONSTRAINT destinations_destinationimage_pkey PRIMARY KEY (id);


--
-- Name: django_admin_log django_admin_log_pkey; Type: CONSTRAINT; Schema: public; Owner: -
--

ALTER TABLE ONLY public.django_admin_log
    ADD CONSTRAINT django_admin_log_pkey PRIMARY KEY (id);


--
-- Name: django_content_type django_content_type_app_label_model_76bd3d3b_uniq; Type: CONSTRAINT; Schema: public; Owner: -
--

ALTER TABLE ONLY public.django_content_type
    ADD CONSTRAINT django_content_type_app_label_model_76bd3d3b_uniq UNIQUE (app_label, model);


--
-- Name: django_content_type django_content_type_pkey; Type: CONSTRAINT; Schema: public; Owner: -
--

ALTER TABLE ONLY public.django_content_type
    ADD CONSTRAINT django_content_type_pkey PRIMARY KEY (id);


--
-- Name: django_migrations django_migrations_pkey; Type: CONSTRAINT; Schema: public; Owner: -
--

ALTER TABLE ONLY public.django_migrations
    ADD CONSTRAINT django_migrations_pkey PRIMARY KEY (id);


--
-- Name: django_session django_session_pkey; Type: CONSTRAINT; Schema: public; Owner: -
--

ALTER TABLE ONLY public.django_session
    ADD CONSTRAINT django_session_pkey PRIMARY KEY (session_key);


--
-- Name: django_site django_site_domain_a2e37b91_uniq; Type: CONSTRAINT; Schema: public; Owner: -
--

ALTER TABLE ONLY public.django_site
    ADD CONSTRAINT django_site_domain_a2e37b91_uniq UNIQUE (domain);


--
-- Name: django_site django_site_pkey; Type: CONSTRAINT; Schema: public; Owner: -
--

ALTER TABLE ONLY public.django_site
    ADD CONSTRAINT django_site_pkey PRIMARY KEY (id);


--
-- Name: reviews_review reviews_review_booking_id_key; Type: CONSTRAINT; Schema: public; Owner: -
--

ALTER TABLE ONLY public.reviews_review
    ADD CONSTRAINT reviews_review_booking_id_key UNIQUE (booking_id);


--
-- Name: reviews_review reviews_review_pkey; Type: CONSTRAINT; Schema: public; Owner: -
--

ALTER TABLE ONLY public.reviews_review
    ADD CONSTRAINT reviews_review_pkey PRIMARY KEY (id);


--
-- Name: reviews_reviewimage reviews_reviewimage_pkey; Type: CONSTRAINT; Schema: public; Owner: -
--

ALTER TABLE ONLY public.reviews_reviewimage
    ADD CONSTRAINT reviews_reviewimage_pkey PRIMARY KEY (id);


--
-- Name: reviews_testimonial reviews_testimonial_pkey; Type: CONSTRAINT; Schema: public; Owner: -
--

ALTER TABLE ONLY public.reviews_testimonial
    ADD CONSTRAINT reviews_testimonial_pkey PRIMARY KEY (id);


--
-- Name: socialaccount_socialaccount socialaccount_socialaccount_pkey; Type: CONSTRAINT; Schema: public; Owner: -
--

ALTER TABLE ONLY public.socialaccount_socialaccount
    ADD CONSTRAINT socialaccount_socialaccount_pkey PRIMARY KEY (id);


--
-- Name: socialaccount_socialaccount socialaccount_socialaccount_provider_uid_fc810c6e_uniq; Type: CONSTRAINT; Schema: public; Owner: -
--

ALTER TABLE ONLY public.socialaccount_socialaccount
    ADD CONSTRAINT socialaccount_socialaccount_provider_uid_fc810c6e_uniq UNIQUE (provider, uid);


--
-- Name: socialaccount_socialapp_sites socialaccount_socialapp__socialapp_id_site_id_71a9a768_uniq; Type: CONSTRAINT; Schema: public; Owner: -
--

ALTER TABLE ONLY public.socialaccount_socialapp_sites
    ADD CONSTRAINT socialaccount_socialapp__socialapp_id_site_id_71a9a768_uniq UNIQUE (socialapp_id, site_id);


--
-- Name: socialaccount_socialapp socialaccount_socialapp_pkey; Type: CONSTRAINT; Schema: public; Owner: -
--

ALTER TABLE ONLY public.socialaccount_socialapp
    ADD CONSTRAINT socialaccount_socialapp_pkey PRIMARY KEY (id);


--
-- Name: socialaccount_socialapp_sites socialaccount_socialapp_sites_pkey; Type: CONSTRAINT; Schema: public; Owner: -
--

ALTER TABLE ONLY public.socialaccount_socialapp_sites
    ADD CONSTRAINT socialaccount_socialapp_sites_pkey PRIMARY KEY (id);


--
-- Name: socialaccount_socialtoken socialaccount_socialtoken_app_id_account_id_fca4e0ac_uniq; Type: CONSTRAINT; Schema: public; Owner: -
--

ALTER TABLE ONLY public.socialaccount_socialtoken
    ADD CONSTRAINT socialaccount_socialtoken_app_id_account_id_fca4e0ac_uniq UNIQUE (app_id, account_id);


--
-- Name: socialaccount_socialtoken socialaccount_socialtoken_pkey; Type: CONSTRAINT; Schema: public; Owner: -
--

ALTER TABLE ONLY public.socialaccount_socialtoken
    ADD CONSTRAINT socialaccount_socialtoken_pkey PRIMARY KEY (id);


--
-- Name: token_blacklist_blacklistedtoken token_blacklist_blacklistedtoken_pkey; Type: CONSTRAINT; Schema: public; Owner: -
--

ALTER TABLE ONLY public.token_blacklist_blacklistedtoken
    ADD CONSTRAINT token_blacklist_blacklistedtoken_pkey PRIMARY KEY (id);


--
-- Name: token_blacklist_blacklistedtoken token_blacklist_blacklistedtoken_token_id_key; Type: CONSTRAINT; Schema: public; Owner: -
--

ALTER TABLE ONLY public.token_blacklist_blacklistedtoken
    ADD CONSTRAINT token_blacklist_blacklistedtoken_token_id_key UNIQUE (token_id);


--
-- Name: token_blacklist_outstandingtoken token_blacklist_outstandingtoken_jti_hex_d9bdf6f7_uniq; Type: CONSTRAINT; Schema: public; Owner: -
--

ALTER TABLE ONLY public.token_blacklist_outstandingtoken
    ADD CONSTRAINT token_blacklist_outstandingtoken_jti_hex_d9bdf6f7_uniq UNIQUE (jti);


--
-- Name: token_blacklist_outstandingtoken token_blacklist_outstandingtoken_pkey; Type: CONSTRAINT; Schema: public; Owner: -
--

ALTER TABLE ONLY public.token_blacklist_outstandingtoken
    ADD CONSTRAINT token_blacklist_outstandingtoken_pkey PRIMARY KEY (id);


--
-- Name: tours_tour_destinations tours_tour_destinations_pkey; Type: CONSTRAINT; Schema: public; Owner: -
--

ALTER TABLE ONLY public.tours_tour_destinations
    ADD CONSTRAINT tours_tour_destinations_pkey PRIMARY KEY (id);


--
-- Name: tours_tour_destinations tours_tour_destinations_tour_id_destination_id_892e108f_uniq; Type: CONSTRAINT; Schema: public; Owner: -
--

ALTER TABLE ONLY public.tours_tour_destinations
    ADD CONSTRAINT tours_tour_destinations_tour_id_destination_id_892e108f_uniq UNIQUE (tour_id, destination_id);


--
-- Name: tours_tour tours_tour_pkey; Type: CONSTRAINT; Schema: public; Owner: -
--

ALTER TABLE ONLY public.tours_tour
    ADD CONSTRAINT tours_tour_pkey PRIMARY KEY (id);


--
-- Name: tours_tour tours_tour_slug_key; Type: CONSTRAINT; Schema: public; Owner: -
--

ALTER TABLE ONLY public.tours_tour
    ADD CONSTRAINT tours_tour_slug_key UNIQUE (slug);


--
-- Name: tours_tourcategory tours_tourcategory_pkey; Type: CONSTRAINT; Schema: public; Owner: -
--

ALTER TABLE ONLY public.tours_tourcategory
    ADD CONSTRAINT tours_tourcategory_pkey PRIMARY KEY (id);


--
-- Name: tours_tourcategory tours_tourcategory_slug_key; Type: CONSTRAINT; Schema: public; Owner: -
--

ALTER TABLE ONLY public.tours_tourcategory
    ADD CONSTRAINT tours_tourcategory_slug_key UNIQUE (slug);


--
-- Name: tours_tourdeparture tours_tourdeparture_pkey; Type: CONSTRAINT; Schema: public; Owner: -
--

ALTER TABLE ONLY public.tours_tourdeparture
    ADD CONSTRAINT tours_tourdeparture_pkey PRIMARY KEY (id);


--
-- Name: tours_tourfaq tours_tourfaq_pkey; Type: CONSTRAINT; Schema: public; Owner: -
--

ALTER TABLE ONLY public.tours_tourfaq
    ADD CONSTRAINT tours_tourfaq_pkey PRIMARY KEY (id);


--
-- Name: tours_tourhighlight tours_tourhighlight_pkey; Type: CONSTRAINT; Schema: public; Owner: -
--

ALTER TABLE ONLY public.tours_tourhighlight
    ADD CONSTRAINT tours_tourhighlight_pkey PRIMARY KEY (id);


--
-- Name: tours_tourimage tours_tourimage_pkey; Type: CONSTRAINT; Schema: public; Owner: -
--

ALTER TABLE ONLY public.tours_tourimage
    ADD CONSTRAINT tours_tourimage_pkey PRIMARY KEY (id);


--
-- Name: tours_tourinclusion tours_tourinclusion_pkey; Type: CONSTRAINT; Schema: public; Owner: -
--

ALTER TABLE ONLY public.tours_tourinclusion
    ADD CONSTRAINT tours_tourinclusion_pkey PRIMARY KEY (id);


--
-- Name: tours_touritinerary tours_touritinerary_pkey; Type: CONSTRAINT; Schema: public; Owner: -
--

ALTER TABLE ONLY public.tours_touritinerary
    ADD CONSTRAINT tours_touritinerary_pkey PRIMARY KEY (id);


--
-- Name: tours_tourpricing tours_tourpricing_pkey; Type: CONSTRAINT; Schema: public; Owner: -
--

ALTER TABLE ONLY public.tours_tourpricing
    ADD CONSTRAINT tours_tourpricing_pkey PRIMARY KEY (id);


--
-- Name: tours_tourtype tours_tourtype_pkey; Type: CONSTRAINT; Schema: public; Owner: -
--

ALTER TABLE ONLY public.tours_tourtype
    ADD CONSTRAINT tours_tourtype_pkey PRIMARY KEY (id);


--
-- Name: tours_tourtype tours_tourtype_slug_key; Type: CONSTRAINT; Schema: public; Owner: -
--

ALTER TABLE ONLY public.tours_tourtype
    ADD CONSTRAINT tours_tourtype_slug_key UNIQUE (slug);


--
-- Name: users_user users_user_email_key; Type: CONSTRAINT; Schema: public; Owner: -
--

ALTER TABLE ONLY public.users_user
    ADD CONSTRAINT users_user_email_key UNIQUE (email);


--
-- Name: users_user_groups users_user_groups_pkey; Type: CONSTRAINT; Schema: public; Owner: -
--

ALTER TABLE ONLY public.users_user_groups
    ADD CONSTRAINT users_user_groups_pkey PRIMARY KEY (id);


--
-- Name: users_user_groups users_user_groups_user_id_group_id_b88eab82_uniq; Type: CONSTRAINT; Schema: public; Owner: -
--

ALTER TABLE ONLY public.users_user_groups
    ADD CONSTRAINT users_user_groups_user_id_group_id_b88eab82_uniq UNIQUE (user_id, group_id);


--
-- Name: users_user users_user_pkey; Type: CONSTRAINT; Schema: public; Owner: -
--

ALTER TABLE ONLY public.users_user
    ADD CONSTRAINT users_user_pkey PRIMARY KEY (id);


--
-- Name: users_user_user_permissions users_user_user_permissions_pkey; Type: CONSTRAINT; Schema: public; Owner: -
--

ALTER TABLE ONLY public.users_user_user_permissions
    ADD CONSTRAINT users_user_user_permissions_pkey PRIMARY KEY (id);


--
-- Name: users_user_user_permissions users_user_user_permissions_user_id_permission_id_43338c45_uniq; Type: CONSTRAINT; Schema: public; Owner: -
--

ALTER TABLE ONLY public.users_user_user_permissions
    ADD CONSTRAINT users_user_user_permissions_user_id_permission_id_43338c45_uniq UNIQUE (user_id, permission_id);


--
-- Name: users_userprofile users_userprofile_pkey; Type: CONSTRAINT; Schema: public; Owner: -
--

ALTER TABLE ONLY public.users_userprofile
    ADD CONSTRAINT users_userprofile_pkey PRIMARY KEY (id);


--
-- Name: users_userprofile users_userprofile_user_id_key; Type: CONSTRAINT; Schema: public; Owner: -
--

ALTER TABLE ONLY public.users_userprofile
    ADD CONSTRAINT users_userprofile_user_id_key UNIQUE (user_id);


--
-- Name: users_wishlist users_wishlist_pkey; Type: CONSTRAINT; Schema: public; Owner: -
--

ALTER TABLE ONLY public.users_wishlist
    ADD CONSTRAINT users_wishlist_pkey PRIMARY KEY (id);


--
-- Name: users_wishlist users_wishlist_user_id_tour_id_c6053514_uniq; Type: CONSTRAINT; Schema: public; Owner: -
--

ALTER TABLE ONLY public.users_wishlist
    ADD CONSTRAINT users_wishlist_user_id_tour_id_c6053514_uniq UNIQUE (user_id, tour_id);


--
-- Name: account_emailaddress_email_03be32b2; Type: INDEX; Schema: public; Owner: -
--

CREATE INDEX account_emailaddress_email_03be32b2 ON public.account_emailaddress USING btree (email);


--
-- Name: account_emailaddress_email_03be32b2_like; Type: INDEX; Schema: public; Owner: -
--

CREATE INDEX account_emailaddress_email_03be32b2_like ON public.account_emailaddress USING btree (email varchar_pattern_ops);


--
-- Name: account_emailaddress_user_id_2c513194; Type: INDEX; Schema: public; Owner: -
--

CREATE INDEX account_emailaddress_user_id_2c513194 ON public.account_emailaddress USING btree (user_id);


--
-- Name: account_emailconfirmation_email_address_id_5b7f8c58; Type: INDEX; Schema: public; Owner: -
--

CREATE INDEX account_emailconfirmation_email_address_id_5b7f8c58 ON public.account_emailconfirmation USING btree (email_address_id);


--
-- Name: account_emailconfirmation_key_f43612bd_like; Type: INDEX; Schema: public; Owner: -
--

CREATE INDEX account_emailconfirmation_key_f43612bd_like ON public.account_emailconfirmation USING btree (key varchar_pattern_ops);


--
-- Name: auth_group_name_a6ea08ec_like; Type: INDEX; Schema: public; Owner: -
--

CREATE INDEX auth_group_name_a6ea08ec_like ON public.auth_group USING btree (name varchar_pattern_ops);


--
-- Name: auth_group_permissions_group_id_b120cbf9; Type: INDEX; Schema: public; Owner: -
--

CREATE INDEX auth_group_permissions_group_id_b120cbf9 ON public.auth_group_permissions USING btree (group_id);


--
-- Name: auth_group_permissions_permission_id_84c5c92e; Type: INDEX; Schema: public; Owner: -
--

CREATE INDEX auth_group_permissions_permission_id_84c5c92e ON public.auth_group_permissions USING btree (permission_id);


--
-- Name: auth_permission_content_type_id_2f476e4b; Type: INDEX; Schema: public; Owner: -
--

CREATE INDEX auth_permission_content_type_id_2f476e4b ON public.auth_permission USING btree (content_type_id);


--
-- Name: authtoken_token_key_10f0b77e_like; Type: INDEX; Schema: public; Owner: -
--

CREATE INDEX authtoken_token_key_10f0b77e_like ON public.authtoken_token USING btree (key varchar_pattern_ops);


--
-- Name: blog_category_slug_92643dc5_like; Type: INDEX; Schema: public; Owner: -
--

CREATE INDEX blog_category_slug_92643dc5_like ON public.blog_category USING btree (slug varchar_pattern_ops);


--
-- Name: blog_comment_parent_id_f2a027bb; Type: INDEX; Schema: public; Owner: -
--

CREATE INDEX blog_comment_parent_id_f2a027bb ON public.blog_comment USING btree (parent_id);


--
-- Name: blog_comment_post_id_580e96ef; Type: INDEX; Schema: public; Owner: -
--

CREATE INDEX blog_comment_post_id_580e96ef ON public.blog_comment USING btree (post_id);


--
-- Name: blog_comment_user_id_59a54155; Type: INDEX; Schema: public; Owner: -
--

CREATE INDEX blog_comment_user_id_59a54155 ON public.blog_comment USING btree (user_id);


--
-- Name: blog_post_author_id_dd7a8485; Type: INDEX; Schema: public; Owner: -
--

CREATE INDEX blog_post_author_id_dd7a8485 ON public.blog_post USING btree (author_id);


--
-- Name: blog_post_category_id_c326dbf8; Type: INDEX; Schema: public; Owner: -
--

CREATE INDEX blog_post_category_id_c326dbf8 ON public.blog_post USING btree (category_id);


--
-- Name: blog_post_related_destinations_destination_id_0ec73cf9; Type: INDEX; Schema: public; Owner: -
--

CREATE INDEX blog_post_related_destinations_destination_id_0ec73cf9 ON public.blog_post_related_destinations USING btree (destination_id);


--
-- Name: blog_post_related_destinations_post_id_afa744b2; Type: INDEX; Schema: public; Owner: -
--

CREATE INDEX blog_post_related_destinations_post_id_afa744b2 ON public.blog_post_related_destinations USING btree (post_id);


--
-- Name: blog_post_related_tours_post_id_5ee9e097; Type: INDEX; Schema: public; Owner: -
--

CREATE INDEX blog_post_related_tours_post_id_5ee9e097 ON public.blog_post_related_tours USING btree (post_id);


--
-- Name: blog_post_related_tours_tour_id_cda1c169; Type: INDEX; Schema: public; Owner: -
--

CREATE INDEX blog_post_related_tours_tour_id_cda1c169 ON public.blog_post_related_tours USING btree (tour_id);


--
-- Name: blog_post_slug_b95473f2_like; Type: INDEX; Schema: public; Owner: -
--

CREATE INDEX blog_post_slug_b95473f2_like ON public.blog_post USING btree (slug varchar_pattern_ops);


--
-- Name: blog_post_tags_post_id_a1c71c8a; Type: INDEX; Schema: public; Owner: -
--

CREATE INDEX blog_post_tags_post_id_a1c71c8a ON public.blog_post_tags USING btree (post_id);


--
-- Name: blog_post_tags_tag_id_0875c551; Type: INDEX; Schema: public; Owner: -
--

CREATE INDEX blog_post_tags_tag_id_0875c551 ON public.blog_post_tags USING btree (tag_id);


--
-- Name: blog_tag_slug_01068d0e_like; Type: INDEX; Schema: public; Owner: -
--

CREATE INDEX blog_tag_slug_01068d0e_like ON public.blog_tag USING btree (slug varchar_pattern_ops);


--
-- Name: contact_inquiry_assigned_to_id_317c3777; Type: INDEX; Schema: public; Owner: -
--

CREATE INDEX contact_inquiry_assigned_to_id_317c3777 ON public.contact_inquiry USING btree (assigned_to_id);


--
-- Name: contact_inquiry_tour_id_ceecafd1; Type: INDEX; Schema: public; Owner: -
--

CREATE INDEX contact_inquiry_tour_id_ceecafd1 ON public.contact_inquiry USING btree (tour_id);


--
-- Name: contact_inquiryresponse_inquiry_id_e7d6ca22; Type: INDEX; Schema: public; Owner: -
--

CREATE INDEX contact_inquiryresponse_inquiry_id_e7d6ca22 ON public.contact_inquiryresponse USING btree (inquiry_id);


--
-- Name: contact_inquiryresponse_responder_id_fdb79213; Type: INDEX; Schema: public; Owner: -
--

CREATE INDEX contact_inquiryresponse_responder_id_fdb79213 ON public.contact_inquiryresponse USING btree (responder_id);


--
-- Name: contact_newsletter_email_c3634f29_like; Type: INDEX; Schema: public; Owner: -
--

CREATE INDEX contact_newsletter_email_c3634f29_like ON public.contact_newsletter USING btree (email varchar_pattern_ops);


--
-- Name: destinations_activity_destination_id_10b9f254; Type: INDEX; Schema: public; Owner: -
--

CREATE INDEX destinations_activity_destination_id_10b9f254 ON public.destinations_activity USING btree (destination_id);


--
-- Name: destinations_destination_slug_92849aad_like; Type: INDEX; Schema: public; Owner: -
--

CREATE INDEX destinations_destination_slug_92849aad_like ON public.destinations_destination USING btree (slug varchar_pattern_ops);


--
-- Name: destinations_destinationimage_destination_id_6638a3f9; Type: INDEX; Schema: public; Owner: -
--

CREATE INDEX destinations_destinationimage_destination_id_6638a3f9 ON public.destinations_destinationimage USING btree (destination_id);


--
-- Name: django_admin_log_content_type_id_c4bce8eb; Type: INDEX; Schema: public; Owner: -
--

CREATE INDEX django_admin_log_content_type_id_c4bce8eb ON public.django_admin_log USING btree (content_type_id);


--
-- Name: django_admin_log_user_id_c564eba6; Type: INDEX; Schema: public; Owner: -
--

CREATE INDEX django_admin_log_user_id_c564eba6 ON public.django_admin_log USING btree (user_id);


--
-- Name: django_session_expire_date_a5c62663; Type: INDEX; Schema: public; Owner: -
--

CREATE INDEX django_session_expire_date_a5c62663 ON public.django_session USING btree (expire_date);


--
-- Name: django_session_session_key_c0390e0f_like; Type: INDEX; Schema: public; Owner: -
--

CREATE INDEX django_session_session_key_c0390e0f_like ON public.django_session USING btree (session_key varchar_pattern_ops);


--
-- Name: django_site_domain_a2e37b91_like; Type: INDEX; Schema: public; Owner: -
--

CREATE INDEX django_site_domain_a2e37b91_like ON public.django_site USING btree (domain varchar_pattern_ops);


--
-- Name: reviews_review_tour_id_808b9c3d; Type: INDEX; Schema: public; Owner: -
--

CREATE INDEX reviews_review_tour_id_808b9c3d ON public.reviews_review USING btree (tour_id);


--
-- Name: reviews_review_user_id_875caff2; Type: INDEX; Schema: public; Owner: -
--

CREATE INDEX reviews_review_user_id_875caff2 ON public.reviews_review USING btree (user_id);


--
-- Name: reviews_reviewimage_review_id_57e63bb2; Type: INDEX; Schema: public; Owner: -
--

CREATE INDEX reviews_reviewimage_review_id_57e63bb2 ON public.reviews_reviewimage USING btree (review_id);


--
-- Name: reviews_testimonial_tour_id_f874db97; Type: INDEX; Schema: public; Owner: -
--

CREATE INDEX reviews_testimonial_tour_id_f874db97 ON public.reviews_testimonial USING btree (tour_id);


--
-- Name: socialaccount_socialaccount_user_id_8146e70c; Type: INDEX; Schema: public; Owner: -
--

CREATE INDEX socialaccount_socialaccount_user_id_8146e70c ON public.socialaccount_socialaccount USING btree (user_id);


--
-- Name: socialaccount_socialapp_sites_site_id_2579dee5; Type: INDEX; Schema: public; Owner: -
--

CREATE INDEX socialaccount_socialapp_sites_site_id_2579dee5 ON public.socialaccount_socialapp_sites USING btree (site_id);


--
-- Name: socialaccount_socialapp_sites_socialapp_id_97fb6e7d; Type: INDEX; Schema: public; Owner: -
--

CREATE INDEX socialaccount_socialapp_sites_socialapp_id_97fb6e7d ON public.socialaccount_socialapp_sites USING btree (socialapp_id);


--
-- Name: socialaccount_socialtoken_account_id_951f210e; Type: INDEX; Schema: public; Owner: -
--

CREATE INDEX socialaccount_socialtoken_account_id_951f210e ON public.socialaccount_socialtoken USING btree (account_id);


--
-- Name: socialaccount_socialtoken_app_id_636a42d7; Type: INDEX; Schema: public; Owner: -
--

CREATE INDEX socialaccount_socialtoken_app_id_636a42d7 ON public.socialaccount_socialtoken USING btree (app_id);


--
-- Name: token_blacklist_outstandingtoken_jti_hex_d9bdf6f7_like; Type: INDEX; Schema: public; Owner: -
--

CREATE INDEX token_blacklist_outstandingtoken_jti_hex_d9bdf6f7_like ON public.token_blacklist_outstandingtoken USING btree (jti varchar_pattern_ops);


--
-- Name: token_blacklist_outstandingtoken_user_id_83bc629a; Type: INDEX; Schema: public; Owner: -
--

CREATE INDEX token_blacklist_outstandingtoken_user_id_83bc629a ON public.token_blacklist_outstandingtoken USING btree (user_id);


--
-- Name: tours_tour_category_id_ab730f30; Type: INDEX; Schema: public; Owner: -
--

CREATE INDEX tours_tour_category_id_ab730f30 ON public.tours_tour USING btree (category_id);


--
-- Name: tours_tour_destinations_destination_id_afa80726; Type: INDEX; Schema: public; Owner: -
--

CREATE INDEX tours_tour_destinations_destination_id_afa80726 ON public.tours_tour_destinations USING btree (destination_id);


--
-- Name: tours_tour_destinations_tour_id_0e86c7ae; Type: INDEX; Schema: public; Owner: -
--

CREATE INDEX tours_tour_destinations_tour_id_0e86c7ae ON public.tours_tour_destinations USING btree (tour_id);


--
-- Name: tours_tour_slug_29234195_like; Type: INDEX; Schema: public; Owner: -
--

CREATE INDEX tours_tour_slug_29234195_like ON public.tours_tour USING btree (slug varchar_pattern_ops);


--
-- Name: tours_tour_tour_type_id_679610c9; Type: INDEX; Schema: public; Owner: -
--

CREATE INDEX tours_tour_tour_type_id_679610c9 ON public.tours_tour USING btree (tour_type_id);


--
-- Name: tours_tourcategory_slug_a39b9cb9_like; Type: INDEX; Schema: public; Owner: -
--

CREATE INDEX tours_tourcategory_slug_a39b9cb9_like ON public.tours_tourcategory USING btree (slug varchar_pattern_ops);


--
-- Name: tours_tourdeparture_tour_id_31f1644b; Type: INDEX; Schema: public; Owner: -
--

CREATE INDEX tours_tourdeparture_tour_id_31f1644b ON public.tours_tourdeparture USING btree (tour_id);


--
-- Name: tours_tourfaq_tour_id_f1494bc6; Type: INDEX; Schema: public; Owner: -
--

CREATE INDEX tours_tourfaq_tour_id_f1494bc6 ON public.tours_tourfaq USING btree (tour_id);


--
-- Name: tours_tourhighlight_tour_id_48d437c0; Type: INDEX; Schema: public; Owner: -
--

CREATE INDEX tours_tourhighlight_tour_id_48d437c0 ON public.tours_tourhighlight USING btree (tour_id);


--
-- Name: tours_tourimage_tour_id_3e45750d; Type: INDEX; Schema: public; Owner: -
--

CREATE INDEX tours_tourimage_tour_id_3e45750d ON public.tours_tourimage USING btree (tour_id);


--
-- Name: tours_tourinclusion_tour_id_5b009198; Type: INDEX; Schema: public; Owner: -
--

CREATE INDEX tours_tourinclusion_tour_id_5b009198 ON public.tours_tourinclusion USING btree (tour_id);


--
-- Name: tours_touritinerary_tour_id_878a1f16; Type: INDEX; Schema: public; Owner: -
--

CREATE INDEX tours_touritinerary_tour_id_878a1f16 ON public.tours_touritinerary USING btree (tour_id);


--
-- Name: tours_tourpricing_tour_id_d064382b; Type: INDEX; Schema: public; Owner: -
--

CREATE INDEX tours_tourpricing_tour_id_d064382b ON public.tours_tourpricing USING btree (tour_id);


--
-- Name: tours_tourtype_slug_4c2e0b88_like; Type: INDEX; Schema: public; Owner: -
--

CREATE INDEX tours_tourtype_slug_4c2e0b88_like ON public.tours_tourtype USING btree (slug varchar_pattern_ops);


--
-- Name: unique_primary_email; Type: INDEX; Schema: public; Owner: -
--

CREATE UNIQUE INDEX unique_primary_email ON public.account_emailaddress USING btree (user_id, "primary") WHERE "primary";


--
-- Name: unique_verified_email; Type: INDEX; Schema: public; Owner: -
--

CREATE UNIQUE INDEX unique_verified_email ON public.account_emailaddress USING btree (email) WHERE verified;


--
-- Name: users_user_email_243f6e77_like; Type: INDEX; Schema: public; Owner: -
--

CREATE INDEX users_user_email_243f6e77_like ON public.users_user USING btree (email varchar_pattern_ops);


--
-- Name: users_user_groups_group_id_9afc8d0e; Type: INDEX; Schema: public; Owner: -
--

CREATE INDEX users_user_groups_group_id_9afc8d0e ON public.users_user_groups USING btree (group_id);


--
-- Name: users_user_groups_user_id_5f6f5a90; Type: INDEX; Schema: public; Owner: -
--

CREATE INDEX users_user_groups_user_id_5f6f5a90 ON public.users_user_groups USING btree (user_id);


--
-- Name: users_user_user_permissions_permission_id_0b93982e; Type: INDEX; Schema: public; Owner: -
--

CREATE INDEX users_user_user_permissions_permission_id_0b93982e ON public.users_user_user_permissions USING btree (permission_id);


--
-- Name: users_user_user_permissions_user_id_20aca447; Type: INDEX; Schema: public; Owner: -
--

CREATE INDEX users_user_user_permissions_user_id_20aca447 ON public.users_user_user_permissions USING btree (user_id);


--
-- Name: users_wishlist_tour_id_f3705aa2; Type: INDEX; Schema: public; Owner: -
--

CREATE INDEX users_wishlist_tour_id_f3705aa2 ON public.users_wishlist USING btree (tour_id);


--
-- Name: users_wishlist_user_id_6507553e; Type: INDEX; Schema: public; Owner: -
--

CREATE INDEX users_wishlist_user_id_6507553e ON public.users_wishlist USING btree (user_id);


--
-- Name: account_emailaddress account_emailaddress_user_id_2c513194_fk_users_user_id; Type: FK CONSTRAINT; Schema: public; Owner: -
--

ALTER TABLE ONLY public.account_emailaddress
    ADD CONSTRAINT account_emailaddress_user_id_2c513194_fk_users_user_id FOREIGN KEY (user_id) REFERENCES public.users_user(id) DEFERRABLE INITIALLY DEFERRED;


--
-- Name: account_emailconfirmation account_emailconfirm_email_address_id_5b7f8c58_fk_account_e; Type: FK CONSTRAINT; Schema: public; Owner: -
--

ALTER TABLE ONLY public.account_emailconfirmation
    ADD CONSTRAINT account_emailconfirm_email_address_id_5b7f8c58_fk_account_e FOREIGN KEY (email_address_id) REFERENCES public.account_emailaddress(id) DEFERRABLE INITIALLY DEFERRED;


--
-- Name: auth_group_permissions auth_group_permissio_permission_id_84c5c92e_fk_auth_perm; Type: FK CONSTRAINT; Schema: public; Owner: -
--

ALTER TABLE ONLY public.auth_group_permissions
    ADD CONSTRAINT auth_group_permissio_permission_id_84c5c92e_fk_auth_perm FOREIGN KEY (permission_id) REFERENCES public.auth_permission(id) DEFERRABLE INITIALLY DEFERRED;


--
-- Name: auth_group_permissions auth_group_permissions_group_id_b120cbf9_fk_auth_group_id; Type: FK CONSTRAINT; Schema: public; Owner: -
--

ALTER TABLE ONLY public.auth_group_permissions
    ADD CONSTRAINT auth_group_permissions_group_id_b120cbf9_fk_auth_group_id FOREIGN KEY (group_id) REFERENCES public.auth_group(id) DEFERRABLE INITIALLY DEFERRED;


--
-- Name: auth_permission auth_permission_content_type_id_2f476e4b_fk_django_co; Type: FK CONSTRAINT; Schema: public; Owner: -
--

ALTER TABLE ONLY public.auth_permission
    ADD CONSTRAINT auth_permission_content_type_id_2f476e4b_fk_django_co FOREIGN KEY (content_type_id) REFERENCES public.django_content_type(id) DEFERRABLE INITIALLY DEFERRED;


--
-- Name: authtoken_token authtoken_token_user_id_35299eff_fk_users_user_id; Type: FK CONSTRAINT; Schema: public; Owner: -
--

ALTER TABLE ONLY public.authtoken_token
    ADD CONSTRAINT authtoken_token_user_id_35299eff_fk_users_user_id FOREIGN KEY (user_id) REFERENCES public.users_user(id) DEFERRABLE INITIALLY DEFERRED;


--
-- Name: blog_comment blog_comment_parent_id_f2a027bb_fk_blog_comment_id; Type: FK CONSTRAINT; Schema: public; Owner: -
--

ALTER TABLE ONLY public.blog_comment
    ADD CONSTRAINT blog_comment_parent_id_f2a027bb_fk_blog_comment_id FOREIGN KEY (parent_id) REFERENCES public.blog_comment(id) DEFERRABLE INITIALLY DEFERRED;


--
-- Name: blog_comment blog_comment_post_id_580e96ef_fk_blog_post_id; Type: FK CONSTRAINT; Schema: public; Owner: -
--

ALTER TABLE ONLY public.blog_comment
    ADD CONSTRAINT blog_comment_post_id_580e96ef_fk_blog_post_id FOREIGN KEY (post_id) REFERENCES public.blog_post(id) DEFERRABLE INITIALLY DEFERRED;


--
-- Name: blog_comment blog_comment_user_id_59a54155_fk_users_user_id; Type: FK CONSTRAINT; Schema: public; Owner: -
--

ALTER TABLE ONLY public.blog_comment
    ADD CONSTRAINT blog_comment_user_id_59a54155_fk_users_user_id FOREIGN KEY (user_id) REFERENCES public.users_user(id) DEFERRABLE INITIALLY DEFERRED;


--
-- Name: blog_post blog_post_author_id_dd7a8485_fk_users_user_id; Type: FK CONSTRAINT; Schema: public; Owner: -
--

ALTER TABLE ONLY public.blog_post
    ADD CONSTRAINT blog_post_author_id_dd7a8485_fk_users_user_id FOREIGN KEY (author_id) REFERENCES public.users_user(id) DEFERRABLE INITIALLY DEFERRED;


--
-- Name: blog_post blog_post_category_id_c326dbf8_fk_blog_category_id; Type: FK CONSTRAINT; Schema: public; Owner: -
--

ALTER TABLE ONLY public.blog_post
    ADD CONSTRAINT blog_post_category_id_c326dbf8_fk_blog_category_id FOREIGN KEY (category_id) REFERENCES public.blog_category(id) DEFERRABLE INITIALLY DEFERRED;


--
-- Name: blog_post_related_destinations blog_post_related_de_destination_id_0ec73cf9_fk_destinati; Type: FK CONSTRAINT; Schema: public; Owner: -
--

ALTER TABLE ONLY public.blog_post_related_destinations
    ADD CONSTRAINT blog_post_related_de_destination_id_0ec73cf9_fk_destinati FOREIGN KEY (destination_id) REFERENCES public.destinations_destination(id) DEFERRABLE INITIALLY DEFERRED;


--
-- Name: blog_post_related_destinations blog_post_related_destinations_post_id_afa744b2_fk_blog_post_id; Type: FK CONSTRAINT; Schema: public; Owner: -
--

ALTER TABLE ONLY public.blog_post_related_destinations
    ADD CONSTRAINT blog_post_related_destinations_post_id_afa744b2_fk_blog_post_id FOREIGN KEY (post_id) REFERENCES public.blog_post(id) DEFERRABLE INITIALLY DEFERRED;


--
-- Name: blog_post_related_tours blog_post_related_tours_post_id_5ee9e097_fk_blog_post_id; Type: FK CONSTRAINT; Schema: public; Owner: -
--

ALTER TABLE ONLY public.blog_post_related_tours
    ADD CONSTRAINT blog_post_related_tours_post_id_5ee9e097_fk_blog_post_id FOREIGN KEY (post_id) REFERENCES public.blog_post(id) DEFERRABLE INITIALLY DEFERRED;


--
-- Name: blog_post_related_tours blog_post_related_tours_tour_id_cda1c169_fk_tours_tour_id; Type: FK CONSTRAINT; Schema: public; Owner: -
--

ALTER TABLE ONLY public.blog_post_related_tours
    ADD CONSTRAINT blog_post_related_tours_tour_id_cda1c169_fk_tours_tour_id FOREIGN KEY (tour_id) REFERENCES public.tours_tour(id) DEFERRABLE INITIALLY DEFERRED;


--
-- Name: blog_post_tags blog_post_tags_post_id_a1c71c8a_fk_blog_post_id; Type: FK CONSTRAINT; Schema: public; Owner: -
--

ALTER TABLE ONLY public.blog_post_tags
    ADD CONSTRAINT blog_post_tags_post_id_a1c71c8a_fk_blog_post_id FOREIGN KEY (post_id) REFERENCES public.blog_post(id) DEFERRABLE INITIALLY DEFERRED;


--
-- Name: blog_post_tags blog_post_tags_tag_id_0875c551_fk_blog_tag_id; Type: FK CONSTRAINT; Schema: public; Owner: -
--

ALTER TABLE ONLY public.blog_post_tags
    ADD CONSTRAINT blog_post_tags_tag_id_0875c551_fk_blog_tag_id FOREIGN KEY (tag_id) REFERENCES public.blog_tag(id) DEFERRABLE INITIALLY DEFERRED;


--
-- Name: contact_inquiry contact_inquiry_assigned_to_id_317c3777_fk_users_user_id; Type: FK CONSTRAINT; Schema: public; Owner: -
--

ALTER TABLE ONLY public.contact_inquiry
    ADD CONSTRAINT contact_inquiry_assigned_to_id_317c3777_fk_users_user_id FOREIGN KEY (assigned_to_id) REFERENCES public.users_user(id) DEFERRABLE INITIALLY DEFERRED;


--
-- Name: contact_inquiry contact_inquiry_tour_id_ceecafd1_fk_tours_tour_id; Type: FK CONSTRAINT; Schema: public; Owner: -
--

ALTER TABLE ONLY public.contact_inquiry
    ADD CONSTRAINT contact_inquiry_tour_id_ceecafd1_fk_tours_tour_id FOREIGN KEY (tour_id) REFERENCES public.tours_tour(id) DEFERRABLE INITIALLY DEFERRED;


--
-- Name: contact_inquiryresponse contact_inquiryrespo_inquiry_id_e7d6ca22_fk_contact_i; Type: FK CONSTRAINT; Schema: public; Owner: -
--

ALTER TABLE ONLY public.contact_inquiryresponse
    ADD CONSTRAINT contact_inquiryrespo_inquiry_id_e7d6ca22_fk_contact_i FOREIGN KEY (inquiry_id) REFERENCES public.contact_inquiry(id) DEFERRABLE INITIALLY DEFERRED;


--
-- Name: contact_inquiryresponse contact_inquiryresponse_responder_id_fdb79213_fk_users_user_id; Type: FK CONSTRAINT; Schema: public; Owner: -
--

ALTER TABLE ONLY public.contact_inquiryresponse
    ADD CONSTRAINT contact_inquiryresponse_responder_id_fdb79213_fk_users_user_id FOREIGN KEY (responder_id) REFERENCES public.users_user(id) DEFERRABLE INITIALLY DEFERRED;


--
-- Name: destinations_activity destinations_activit_destination_id_10b9f254_fk_destinati; Type: FK CONSTRAINT; Schema: public; Owner: -
--

ALTER TABLE ONLY public.destinations_activity
    ADD CONSTRAINT destinations_activit_destination_id_10b9f254_fk_destinati FOREIGN KEY (destination_id) REFERENCES public.destinations_destination(id) DEFERRABLE INITIALLY DEFERRED;


--
-- Name: destinations_destinationimage destinations_destina_destination_id_6638a3f9_fk_destinati; Type: FK CONSTRAINT; Schema: public; Owner: -
--

ALTER TABLE ONLY public.destinations_destinationimage
    ADD CONSTRAINT destinations_destina_destination_id_6638a3f9_fk_destinati FOREIGN KEY (destination_id) REFERENCES public.destinations_destination(id) DEFERRABLE INITIALLY DEFERRED;


--
-- Name: django_admin_log django_admin_log_content_type_id_c4bce8eb_fk_django_co; Type: FK CONSTRAINT; Schema: public; Owner: -
--

ALTER TABLE ONLY public.django_admin_log
    ADD CONSTRAINT django_admin_log_content_type_id_c4bce8eb_fk_django_co FOREIGN KEY (content_type_id) REFERENCES public.django_content_type(id) DEFERRABLE INITIALLY DEFERRED;


--
-- Name: django_admin_log django_admin_log_user_id_c564eba6_fk_users_user_id; Type: FK CONSTRAINT; Schema: public; Owner: -
--

ALTER TABLE ONLY public.django_admin_log
    ADD CONSTRAINT django_admin_log_user_id_c564eba6_fk_users_user_id FOREIGN KEY (user_id) REFERENCES public.users_user(id) DEFERRABLE INITIALLY DEFERRED;


--
-- Name: reviews_review reviews_review_tour_id_808b9c3d_fk_tours_tour_id; Type: FK CONSTRAINT; Schema: public; Owner: -
--

ALTER TABLE ONLY public.reviews_review
    ADD CONSTRAINT reviews_review_tour_id_808b9c3d_fk_tours_tour_id FOREIGN KEY (tour_id) REFERENCES public.tours_tour(id) DEFERRABLE INITIALLY DEFERRED;


--
-- Name: reviews_review reviews_review_user_id_875caff2_fk_users_user_id; Type: FK CONSTRAINT; Schema: public; Owner: -
--

ALTER TABLE ONLY public.reviews_review
    ADD CONSTRAINT reviews_review_user_id_875caff2_fk_users_user_id FOREIGN KEY (user_id) REFERENCES public.users_user(id) DEFERRABLE INITIALLY DEFERRED;


--
-- Name: reviews_reviewimage reviews_reviewimage_review_id_57e63bb2_fk_reviews_review_id; Type: FK CONSTRAINT; Schema: public; Owner: -
--

ALTER TABLE ONLY public.reviews_reviewimage
    ADD CONSTRAINT reviews_reviewimage_review_id_57e63bb2_fk_reviews_review_id FOREIGN KEY (review_id) REFERENCES public.reviews_review(id) DEFERRABLE INITIALLY DEFERRED;


--
-- Name: reviews_testimonial reviews_testimonial_tour_id_f874db97_fk_tours_tour_id; Type: FK CONSTRAINT; Schema: public; Owner: -
--

ALTER TABLE ONLY public.reviews_testimonial
    ADD CONSTRAINT reviews_testimonial_tour_id_f874db97_fk_tours_tour_id FOREIGN KEY (tour_id) REFERENCES public.tours_tour(id) DEFERRABLE INITIALLY DEFERRED;


--
-- Name: socialaccount_socialtoken socialaccount_social_account_id_951f210e_fk_socialacc; Type: FK CONSTRAINT; Schema: public; Owner: -
--

ALTER TABLE ONLY public.socialaccount_socialtoken
    ADD CONSTRAINT socialaccount_social_account_id_951f210e_fk_socialacc FOREIGN KEY (account_id) REFERENCES public.socialaccount_socialaccount(id) DEFERRABLE INITIALLY DEFERRED;


--
-- Name: socialaccount_socialtoken socialaccount_social_app_id_636a42d7_fk_socialacc; Type: FK CONSTRAINT; Schema: public; Owner: -
--

ALTER TABLE ONLY public.socialaccount_socialtoken
    ADD CONSTRAINT socialaccount_social_app_id_636a42d7_fk_socialacc FOREIGN KEY (app_id) REFERENCES public.socialaccount_socialapp(id) DEFERRABLE INITIALLY DEFERRED;


--
-- Name: socialaccount_socialapp_sites socialaccount_social_site_id_2579dee5_fk_django_si; Type: FK CONSTRAINT; Schema: public; Owner: -
--

ALTER TABLE ONLY public.socialaccount_socialapp_sites
    ADD CONSTRAINT socialaccount_social_site_id_2579dee5_fk_django_si FOREIGN KEY (site_id) REFERENCES public.django_site(id) DEFERRABLE INITIALLY DEFERRED;


--
-- Name: socialaccount_socialapp_sites socialaccount_social_socialapp_id_97fb6e7d_fk_socialacc; Type: FK CONSTRAINT; Schema: public; Owner: -
--

ALTER TABLE ONLY public.socialaccount_socialapp_sites
    ADD CONSTRAINT socialaccount_social_socialapp_id_97fb6e7d_fk_socialacc FOREIGN KEY (socialapp_id) REFERENCES public.socialaccount_socialapp(id) DEFERRABLE INITIALLY DEFERRED;


--
-- Name: socialaccount_socialaccount socialaccount_socialaccount_user_id_8146e70c_fk_users_user_id; Type: FK CONSTRAINT; Schema: public; Owner: -
--

ALTER TABLE ONLY public.socialaccount_socialaccount
    ADD CONSTRAINT socialaccount_socialaccount_user_id_8146e70c_fk_users_user_id FOREIGN KEY (user_id) REFERENCES public.users_user(id) DEFERRABLE INITIALLY DEFERRED;


--
-- Name: token_blacklist_blacklistedtoken token_blacklist_blacklistedtoken_token_id_3cc7fe56_fk; Type: FK CONSTRAINT; Schema: public; Owner: -
--

ALTER TABLE ONLY public.token_blacklist_blacklistedtoken
    ADD CONSTRAINT token_blacklist_blacklistedtoken_token_id_3cc7fe56_fk FOREIGN KEY (token_id) REFERENCES public.token_blacklist_outstandingtoken(id) DEFERRABLE INITIALLY DEFERRED;


--
-- Name: token_blacklist_outstandingtoken token_blacklist_outs_user_id_83bc629a_fk_users_use; Type: FK CONSTRAINT; Schema: public; Owner: -
--

ALTER TABLE ONLY public.token_blacklist_outstandingtoken
    ADD CONSTRAINT token_blacklist_outs_user_id_83bc629a_fk_users_use FOREIGN KEY (user_id) REFERENCES public.users_user(id) DEFERRABLE INITIALLY DEFERRED;


--
-- Name: tours_tour tours_tour_category_id_ab730f30_fk_tours_tourcategory_id; Type: FK CONSTRAINT; Schema: public; Owner: -
--

ALTER TABLE ONLY public.tours_tour
    ADD CONSTRAINT tours_tour_category_id_ab730f30_fk_tours_tourcategory_id FOREIGN KEY (category_id) REFERENCES public.tours_tourcategory(id) DEFERRABLE INITIALLY DEFERRED;


--
-- Name: tours_tour_destinations tours_tour_destinati_destination_id_afa80726_fk_destinati; Type: FK CONSTRAINT; Schema: public; Owner: -
--

ALTER TABLE ONLY public.tours_tour_destinations
    ADD CONSTRAINT tours_tour_destinati_destination_id_afa80726_fk_destinati FOREIGN KEY (destination_id) REFERENCES public.destinations_destination(id) DEFERRABLE INITIALLY DEFERRED;


--
-- Name: tours_tour_destinations tours_tour_destinations_tour_id_0e86c7ae_fk_tours_tour_id; Type: FK CONSTRAINT; Schema: public; Owner: -
--

ALTER TABLE ONLY public.tours_tour_destinations
    ADD CONSTRAINT tours_tour_destinations_tour_id_0e86c7ae_fk_tours_tour_id FOREIGN KEY (tour_id) REFERENCES public.tours_tour(id) DEFERRABLE INITIALLY DEFERRED;


--
-- Name: tours_tour tours_tour_tour_type_id_679610c9_fk_tours_tourtype_id; Type: FK CONSTRAINT; Schema: public; Owner: -
--

ALTER TABLE ONLY public.tours_tour
    ADD CONSTRAINT tours_tour_tour_type_id_679610c9_fk_tours_tourtype_id FOREIGN KEY (tour_type_id) REFERENCES public.tours_tourtype(id) DEFERRABLE INITIALLY DEFERRED;


--
-- Name: tours_tourdeparture tours_tourdeparture_tour_id_31f1644b_fk_tours_tour_id; Type: FK CONSTRAINT; Schema: public; Owner: -
--

ALTER TABLE ONLY public.tours_tourdeparture
    ADD CONSTRAINT tours_tourdeparture_tour_id_31f1644b_fk_tours_tour_id FOREIGN KEY (tour_id) REFERENCES public.tours_tour(id) DEFERRABLE INITIALLY DEFERRED;


--
-- Name: tours_tourfaq tours_tourfaq_tour_id_f1494bc6_fk_tours_tour_id; Type: FK CONSTRAINT; Schema: public; Owner: -
--

ALTER TABLE ONLY public.tours_tourfaq
    ADD CONSTRAINT tours_tourfaq_tour_id_f1494bc6_fk_tours_tour_id FOREIGN KEY (tour_id) REFERENCES public.tours_tour(id) DEFERRABLE INITIALLY DEFERRED;


--
-- Name: tours_tourhighlight tours_tourhighlight_tour_id_48d437c0_fk_tours_tour_id; Type: FK CONSTRAINT; Schema: public; Owner: -
--

ALTER TABLE ONLY public.tours_tourhighlight
    ADD CONSTRAINT tours_tourhighlight_tour_id_48d437c0_fk_tours_tour_id FOREIGN KEY (tour_id) REFERENCES public.tours_tour(id) DEFERRABLE INITIALLY DEFERRED;


--
-- Name: tours_tourimage tours_tourimage_tour_id_3e45750d_fk_tours_tour_id; Type: FK CONSTRAINT; Schema: public; Owner: -
--

ALTER TABLE ONLY public.tours_tourimage
    ADD CONSTRAINT tours_tourimage_tour_id_3e45750d_fk_tours_tour_id FOREIGN KEY (tour_id) REFERENCES public.tours_tour(id) DEFERRABLE INITIALLY DEFERRED;


--
-- Name: tours_tourinclusion tours_tourinclusion_tour_id_5b009198_fk_tours_tour_id; Type: FK CONSTRAINT; Schema: public; Owner: -
--

ALTER TABLE ONLY public.tours_tourinclusion
    ADD CONSTRAINT tours_tourinclusion_tour_id_5b009198_fk_tours_tour_id FOREIGN KEY (tour_id) REFERENCES public.tours_tour(id) DEFERRABLE INITIALLY DEFERRED;


--
-- Name: tours_touritinerary tours_touritinerary_tour_id_878a1f16_fk_tours_tour_id; Type: FK CONSTRAINT; Schema: public; Owner: -
--

ALTER TABLE ONLY public.tours_touritinerary
    ADD CONSTRAINT tours_touritinerary_tour_id_878a1f16_fk_tours_tour_id FOREIGN KEY (tour_id) REFERENCES public.tours_tour(id) DEFERRABLE INITIALLY DEFERRED;


--
-- Name: tours_tourpricing tours_tourpricing_tour_id_d064382b_fk_tours_tour_id; Type: FK CONSTRAINT; Schema: public; Owner: -
--

ALTER TABLE ONLY public.tours_tourpricing
    ADD CONSTRAINT tours_tourpricing_tour_id_d064382b_fk_tours_tour_id FOREIGN KEY (tour_id) REFERENCES public.tours_tour(id) DEFERRABLE INITIALLY DEFERRED;


--
-- Name: users_user_groups users_user_groups_group_id_9afc8d0e_fk_auth_group_id; Type: FK CONSTRAINT; Schema: public; Owner: -
--

ALTER TABLE ONLY public.users_user_groups
    ADD CONSTRAINT users_user_groups_group_id_9afc8d0e_fk_auth_group_id FOREIGN KEY (group_id) REFERENCES public.auth_group(id) DEFERRABLE INITIALLY DEFERRED;


--
-- Name: users_user_groups users_user_groups_user_id_5f6f5a90_fk_users_user_id; Type: FK CONSTRAINT; Schema: public; Owner: -
--

ALTER TABLE ONLY public.users_user_groups
    ADD CONSTRAINT users_user_groups_user_id_5f6f5a90_fk_users_user_id FOREIGN KEY (user_id) REFERENCES public.users_user(id) DEFERRABLE INITIALLY DEFERRED;


--
-- Name: users_user_user_permissions users_user_user_perm_permission_id_0b93982e_fk_auth_perm; Type: FK CONSTRAINT; Schema: public; Owner: -
--

ALTER TABLE ONLY public.users_user_user_permissions
    ADD CONSTRAINT users_user_user_perm_permission_id_0b93982e_fk_auth_perm FOREIGN KEY (permission_id) REFERENCES public.auth_permission(id) DEFERRABLE INITIALLY DEFERRED;


--
-- Name: users_user_user_permissions users_user_user_permissions_user_id_20aca447_fk_users_user_id; Type: FK CONSTRAINT; Schema: public; Owner: -
--

ALTER TABLE ONLY public.users_user_user_permissions
    ADD CONSTRAINT users_user_user_permissions_user_id_20aca447_fk_users_user_id FOREIGN KEY (user_id) REFERENCES public.users_user(id) DEFERRABLE INITIALLY DEFERRED;


--
-- Name: users_userprofile users_userprofile_user_id_87251ef1_fk_users_user_id; Type: FK CONSTRAINT; Schema: public; Owner: -
--

ALTER TABLE ONLY public.users_userprofile
    ADD CONSTRAINT users_userprofile_user_id_87251ef1_fk_users_user_id FOREIGN KEY (user_id) REFERENCES public.users_user(id) DEFERRABLE INITIALLY DEFERRED;


--
-- Name: users_wishlist users_wishlist_tour_id_f3705aa2_fk_tours_tour_id; Type: FK CONSTRAINT; Schema: public; Owner: -
--

ALTER TABLE ONLY public.users_wishlist
    ADD CONSTRAINT users_wishlist_tour_id_f3705aa2_fk_tours_tour_id FOREIGN KEY (tour_id) REFERENCES public.tours_tour(id) DEFERRABLE INITIALLY DEFERRED;


--
-- Name: users_wishlist users_wishlist_user_id_6507553e_fk_users_user_id; Type: FK CONSTRAINT; Schema: public; Owner: -
--

ALTER TABLE ONLY public.users_wishlist
    ADD CONSTRAINT users_wishlist_user_id_6507553e_fk_users_user_id FOREIGN KEY (user_id) REFERENCES public.users_user(id) DEFERRABLE INITIALLY DEFERRED;


--
-- PostgreSQL database dump complete
--

